Date,Site,agency,Lat,Long,Transect,Obs. Point,RPS_456,Canopy,distance_from_bridge_km
8/9/2016,DM 1,Frecologic,30.532222,86.429722,0,1,N,66,0.62444765
8/9/2016,DM 1,Frecologic,30.532222,86.429722,0,2,N,66,0.62444765
8/9/2016,DM 1,Frecologic,30.532222,86.429722,0,3,N,66,0.62444765
8/9/2016,DM 1,Frecologic,30.532222,86.429722,0,4,N,66,0.62444765
8/9/2016,DM 1,Frecologic,30.532222,86.429722,0,5,N,66,0.62444765
8/9/2016,DM 1,Frecologic,30.532222,86.429722,0,6,N,66,0.62444765
8/9/2016,DM 1,Frecologic,30.532222,86.429722,0,7,N,66,0.62444765
8/9/2016,DM 1,Frecologic,30.532222,86.429722,0,8,N,66,0.62444765
8/9/2016,DM 1,Frecologic,30.532222,86.429722,0,9,N,66,0.62444765
8/9/2016,DM 1,Frecologic,30.532222,86.429722,10,1,N,65,0.62444765
8/9/2016,DM 1,Frecologic,30.532222,86.429722,10,2,N,65,0.62444765
8/9/2016,DM 1,Frecologic,30.532222,86.429722,10,3,N,65,0.62444765
8/9/2016,DM 1,Frecologic,30.532222,86.429722,10,4,N,65,0.62444765
8/9/2016,DM 1,Frecologic,30.532222,86.429722,10,5,N,65,0.62444765
8/9/2016,DM 1,Frecologic,30.532222,86.429722,10,6,N,65,0.62444765
8/9/2016,DM 1,Frecologic,30.532222,86.429722,10,7,N,65,0.62444765
8/9/2016,DM 1,Frecologic,30.532222,86.429722,10,8,N,65,0.62444765
8/9/2016,DM 1,Frecologic,30.532222,86.429722,10,9,N,65,0.62444765
8/9/2016,DM 1,Frecologic,30.532222,86.429722,20,1,N,51,0.62444765
8/9/2016,DM 1,Frecologic,30.532222,86.429722,20,2,N,51,0.62444765
8/9/2016,DM 1,Frecologic,30.532222,86.429722,20,3,N,51,0.62444765
8/9/2016,DM 1,Frecologic,30.532222,86.429722,20,4,N,51,0.62444765
8/9/2016,DM 1,Frecologic,30.532222,86.429722,20,5,N,51,0.62444765
8/9/2016,DM 1,Frecologic,30.532222,86.429722,20,6,N,51,0.62444765
8/9/2016,DM 1,Frecologic,30.532222,86.429722,20,7,N,51,0.62444765
8/9/2016,DM 1,Frecologic,30.532222,86.429722,20,8,N,51,0.62444765
8/9/2016,DM 1,Frecologic,30.532222,86.429722,20,9,N,51,0.62444765
8/9/2016,DM 1,Frecologic,30.532222,86.429722,30,1,N,91,0.62444765
8/9/2016,DM 1,Frecologic,30.532222,86.429722,30,2,N,91,0.62444765
8/9/2016,DM 1,Frecologic,30.532222,86.429722,30,3,N,91,0.62444765
8/9/2016,DM 1,Frecologic,30.532222,86.429722,30,4,N,91,0.62444765
8/9/2016,DM 1,Frecologic,30.532222,86.429722,30,5,N,91,0.62444765
8/9/2016,DM 1,Frecologic,30.532222,86.429722,30,6,N,91,0.62444765
8/9/2016,DM 1,Frecologic,30.532222,86.429722,30,7,N,91,0.62444765
8/9/2016,DM 1,Frecologic,30.532222,86.429722,30,8,N,91,0.62444765
8/9/2016,DM 1,Frecologic,30.532222,86.429722,30,9,N,91,0.62444765
8/9/2016,DM 1,Frecologic,30.532222,86.429722,40,1,N,90,0.62444765
8/9/2016,DM 1,Frecologic,30.532222,86.429722,40,2,N,90,0.62444765
8/9/2016,DM 1,Frecologic,30.532222,86.429722,40,3,N,90,0.62444765
8/9/2016,DM 1,Frecologic,30.532222,86.429722,40,4,N,90,0.62444765
8/9/2016,DM 1,Frecologic,30.532222,86.429722,40,5,N,90,0.62444765
8/9/2016,DM 1,Frecologic,30.532222,86.429722,40,6,N,90,0.62444765
8/9/2016,DM 1,Frecologic,30.532222,86.429722,40,7,N,90,0.62444765
8/9/2016,DM 1,Frecologic,30.532222,86.429722,40,8,N,90,0.62444765
8/9/2016,DM 1,Frecologic,30.532222,86.429722,40,9,N,90,0.62444765
8/9/2016,DM 1,Frecologic,30.532222,86.429722,50,1,N,96,0.62444765
8/9/2016,DM 1,Frecologic,30.532222,86.429722,50,2,N,96,0.62444765
8/9/2016,DM 1,Frecologic,30.532222,86.429722,50,3,N,96,0.62444765
8/9/2016,DM 1,Frecologic,30.532222,86.429722,50,4,N,96,0.62444765
8/9/2016,DM 1,Frecologic,30.532222,86.429722,50,5,N,96,0.62444765
8/9/2016,DM 1,Frecologic,30.532222,86.429722,50,6,N,96,0.62444765
8/9/2016,DM 1,Frecologic,30.532222,86.429722,50,7,N,96,0.62444765
8/9/2016,DM 1,Frecologic,30.532222,86.429722,50,8,N,96,0.62444765
8/9/2016,DM 1,Frecologic,30.532222,86.429722,50,9,N,96,0.62444765
8/9/2016,DM 1,Frecologic,30.532222,86.429722,60,1,N,95,0.62444765
8/9/2016,DM 1,Frecologic,30.532222,86.429722,60,2,N,95,0.62444765
8/9/2016,DM 1,Frecologic,30.532222,86.429722,60,3,3,95,0.62444765
8/9/2016,DM 1,Frecologic,30.532222,86.429722,60,4,N,95,0.62444765
8/9/2016,DM 1,Frecologic,30.532222,86.429722,60,5,N,95,0.62444765
8/9/2016,DM 1,Frecologic,30.532222,86.429722,60,6,N,95,0.62444765
8/9/2016,DM 1,Frecologic,30.532222,86.429722,60,7,N,95,0.62444765
8/9/2016,DM 1,Frecologic,30.532222,86.429722,60,8,N,95,0.62444765
8/9/2016,DM 1,Frecologic,30.532222,86.429722,60,9,N,95,0.62444765
8/9/2016,DM 1,Frecologic,30.532222,86.429722,70,1,N,96,0.62444765
8/9/2016,DM 1,Frecologic,30.532222,86.429722,70,2,N,96,0.62444765
8/9/2016,DM 1,Frecologic,30.532222,86.429722,70,3,N,96,0.62444765
8/9/2016,DM 1,Frecologic,30.532222,86.429722,70,4,N,96,0.62444765
8/9/2016,DM 1,Frecologic,30.532222,86.429722,70,5,N,96,0.62444765
8/9/2016,DM 1,Frecologic,30.532222,86.429722,70,6,N,96,0.62444765
8/9/2016,DM 1,Frecologic,30.532222,86.429722,70,7,N,96,0.62444765
8/9/2016,DM 1,Frecologic,30.532222,86.429722,70,8,N,96,0.62444765
8/9/2016,DM 1,Frecologic,30.532222,86.429722,70,9,N,96,0.62444765
8/9/2016,DM 1,Frecologic,30.532222,86.429722,80,1,N,92,0.62444765
8/9/2016,DM 1,Frecologic,30.532222,86.429722,80,2,N,92,0.62444765
8/9/2016,DM 1,Frecologic,30.532222,86.429722,80,3,N,92,0.62444765
8/9/2016,DM 1,Frecologic,30.532222,86.429722,80,4,N,92,0.62444765
8/9/2016,DM 1,Frecologic,30.532222,86.429722,80,5,N,92,0.62444765
8/9/2016,DM 1,Frecologic,30.532222,86.429722,80,6,N,92,0.62444765
8/9/2016,DM 1,Frecologic,30.532222,86.429722,80,7,N,92,0.62444765
8/9/2016,DM 1,Frecologic,30.532222,86.429722,80,8,N,92,0.62444765
8/9/2016,DM 1,Frecologic,30.532222,86.429722,80,9,N,92,0.62444765
8/9/2016,DM 1,Frecologic,30.532222,86.429722,90,1,N,93,0.62444765
8/9/2016,DM 1,Frecologic,30.532222,86.429722,90,2,N,93,0.62444765
8/9/2016,DM 1,Frecologic,30.532222,86.429722,90,3,N,93,0.62444765
8/9/2016,DM 1,Frecologic,30.532222,86.429722,90,4,N,93,0.62444765
8/9/2016,DM 1,Frecologic,30.532222,86.429722,90,5,N,93,0.62444765
8/9/2016,DM 1,Frecologic,30.532222,86.429722,90,6,N,93,0.62444765
8/9/2016,DM 1,Frecologic,30.532222,86.429722,90,7,N,93,0.62444765
8/9/2016,DM 1,Frecologic,30.532222,86.429722,90,8,N,93,0.62444765
8/9/2016,DM 1,Frecologic,30.532222,86.429722,90,9,N,93,0.62444765
8/9/2016,DM 1,Frecologic,30.532222,86.429722,100,1,N,49,0.62444765
8/9/2016,DM 1,Frecologic,30.532222,86.429722,100,2,N,49,0.62444765
8/9/2016,DM 1,Frecologic,30.532222,86.429722,100,3,N,49,0.62444765
8/9/2016,DM 1,Frecologic,30.532222,86.429722,100,4,N,49,0.62444765
8/9/2016,DM 1,Frecologic,30.532222,86.429722,100,5,N,49,0.62444765
8/9/2016,DM 1,Frecologic,30.532222,86.429722,100,6,N,49,0.62444765
8/9/2016,DM 1,Frecologic,30.532222,86.429722,100,7,N,49,0.62444765
8/9/2016,DM 1,Frecologic,30.532222,86.429722,100,8,N,49,0.62444765
8/9/2016,DM 1,Frecologic,30.532222,86.429722,100,9,N,49,0.62444765
8/9/2016,DM 2,Frecologic,30.501944,86.421111,0,1,N,95,0.22931893
8/9/2016,DM 2,Frecologic,30.501944,86.421111,0,2,6,95,0.22931893
8/9/2016,DM 2,Frecologic,30.501944,86.421111,0,3,N,95,0.22931893
8/9/2016,DM 2,Frecologic,30.501944,86.421111,0,4,N,95,0.22931893
8/9/2016,DM 2,Frecologic,30.501944,86.421111,0,5,N,95,0.22931893
8/9/2016,DM 2,Frecologic,30.501944,86.421111,0,6,N,95,0.22931893
8/9/2016,DM 2,Frecologic,30.501944,86.421111,0,7,N,95,0.22931893
8/9/2016,DM 2,Frecologic,30.501944,86.421111,0,8,N,95,0.22931893
8/9/2016,DM 2,Frecologic,30.501944,86.421111,0,9,N,95,0.22931893
8/9/2016,DM 2,Frecologic,30.501944,86.421111,10,1,4,88,0.22931893
8/9/2016,DM 2,Frecologic,30.501944,86.421111,10,2,6,88,0.22931893
8/9/2016,DM 2,Frecologic,30.501944,86.421111,10,3,N,88,0.22931893
8/9/2016,DM 2,Frecologic,30.501944,86.421111,10,4,N,88,0.22931893
8/9/2016,DM 2,Frecologic,30.501944,86.421111,10,5,6,88,0.22931893
8/9/2016,DM 2,Frecologic,30.501944,86.421111,10,6,N,88,0.22931893
8/9/2016,DM 2,Frecologic,30.501944,86.421111,10,7,N,88,0.22931893
8/9/2016,DM 2,Frecologic,30.501944,86.421111,10,8,N,88,0.22931893
8/9/2016,DM 2,Frecologic,30.501944,86.421111,10,9,N,88,0.22931893
8/9/2016,DM 2,Frecologic,30.501944,86.421111,20,1,5,88,0.22931893
8/9/2016,DM 2,Frecologic,30.501944,86.421111,20,2,N,64,0.22931893
8/9/2016,DM 2,Frecologic,30.501944,86.421111,20,3,5,64,0.22931893
8/9/2016,DM 2,Frecologic,30.501944,86.421111,20,4,N,64,0.22931893
8/9/2016,DM 2,Frecologic,30.501944,86.421111,20,5,N,64,0.22931893
8/9/2016,DM 2,Frecologic,30.501944,86.421111,20,6,N,64,0.22931893
8/9/2016,DM 2,Frecologic,30.501944,86.421111,20,7,N,64,0.22931893
8/9/2016,DM 2,Frecologic,30.501944,86.421111,20,8,N,64,0.22931893
8/9/2016,DM 2,Frecologic,30.501944,86.421111,20,9,N,64,0.22931893
8/9/2016,DM 2,Frecologic,30.501944,86.421111,30,1,N,95,0.22931893
8/9/2016,DM 2,Frecologic,30.501944,86.421111,30,2,6,95,0.22931893
8/9/2016,DM 2,Frecologic,30.501944,86.421111,30,3,N,95,0.22931893
8/9/2016,DM 2,Frecologic,30.501944,86.421111,30,4,N,95,0.22931893
8/9/2016,DM 2,Frecologic,30.501944,86.421111,30,5,N,95,0.22931893
8/9/2016,DM 2,Frecologic,30.501944,86.421111,30,6,N,95,0.22931893
8/9/2016,DM 2,Frecologic,30.501944,86.421111,30,7,N,95,0.22931893
8/9/2016,DM 2,Frecologic,30.501944,86.421111,30,8,N,95,0.22931893
8/9/2016,DM 2,Frecologic,30.501944,86.421111,30,9,N,95,0.22931893
8/9/2016,DM 2,Frecologic,30.501944,86.421111,40,1,N,61,0.22931893
8/9/2016,DM 2,Frecologic,30.501944,86.421111,40,2,N,61,0.22931893
8/9/2016,DM 2,Frecologic,30.501944,86.421111,40,3,N,61,0.22931893
8/9/2016,DM 2,Frecologic,30.501944,86.421111,40,4,6,61,0.22931893
8/9/2016,DM 2,Frecologic,30.501944,86.421111,40,5,N,61,0.22931893
8/9/2016,DM 2,Frecologic,30.501944,86.421111,40,6,N,61,0.22931893
8/9/2016,DM 2,Frecologic,30.501944,86.421111,40,7,N,61,0.22931893
8/9/2016,DM 2,Frecologic,30.501944,86.421111,40,8,N,61,0.22931893
8/9/2016,DM 2,Frecologic,30.501944,86.421111,40,9,N,61,0.22931893
8/9/2016,DM 2,Frecologic,30.501944,86.421111,50,1,N,90,0.22931893
8/9/2016,DM 2,Frecologic,30.501944,86.421111,50,2,N,90,0.22931893
8/9/2016,DM 2,Frecologic,30.501944,86.421111,50,3,N,90,0.22931893
8/9/2016,DM 2,Frecologic,30.501944,86.421111,50,4,N,90,0.22931893
8/9/2016,DM 2,Frecologic,30.501944,86.421111,50,5,6,90,0.22931893
8/9/2016,DM 2,Frecologic,30.501944,86.421111,50,6,N,90,0.22931893
8/9/2016,DM 2,Frecologic,30.501944,86.421111,50,7,N,90,0.22931893
8/9/2016,DM 2,Frecologic,30.501944,86.421111,50,8,N,90,0.22931893
8/9/2016,DM 2,Frecologic,30.501944,86.421111,50,9,N,90,0.22931893
8/9/2016,DM 2,Frecologic,30.501944,86.421111,60,1,N,95,0.22931893
8/9/2016,DM 2,Frecologic,30.501944,86.421111,60,2,N,95,0.22931893
8/9/2016,DM 2,Frecologic,30.501944,86.421111,60,3,N,95,0.22931893
8/9/2016,DM 2,Frecologic,30.501944,86.421111,60,4,N,95,0.22931893
8/9/2016,DM 2,Frecologic,30.501944,86.421111,60,5,N,95,0.22931893
8/9/2016,DM 2,Frecologic,30.501944,86.421111,60,6,N,95,0.22931893
8/9/2016,DM 2,Frecologic,30.501944,86.421111,60,7,N,95,0.22931893
8/9/2016,DM 2,Frecologic,30.501944,86.421111,60,8,N,95,0.22931893
8/9/2016,DM 2,Frecologic,30.501944,86.421111,60,9,N,95,0.22931893
8/9/2016,DM 2,Frecologic,30.501944,86.421111,70,1,N,95,0.22931893
8/9/2016,DM 2,Frecologic,30.501944,86.421111,70,2,N,95,0.22931893
8/9/2016,DM 2,Frecologic,30.501944,86.421111,70,3,N,95,0.22931893
8/9/2016,DM 2,Frecologic,30.501944,86.421111,70,4,N,95,0.22931893
8/9/2016,DM 2,Frecologic,30.501944,86.421111,70,5,N,95,0.22931893
8/9/2016,DM 2,Frecologic,30.501944,86.421111,70,6,N,95,0.22931893
8/9/2016,DM 2,Frecologic,30.501944,86.421111,70,7,N,95,0.22931893
8/9/2016,DM 2,Frecologic,30.501944,86.421111,70,8,N,95,0.22931893
8/9/2016,DM 2,Frecologic,30.501944,86.421111,70,9,N,95,0.22931893
8/9/2016,DM 2,Frecologic,30.501944,86.421111,80,1,N,89,0.22931893
8/9/2016,DM 2,Frecologic,30.501944,86.421111,80,2,N,89,0.22931893
8/9/2016,DM 2,Frecologic,30.501944,86.421111,80,3,N,89,0.22931893
8/9/2016,DM 2,Frecologic,30.501944,86.421111,80,4,N,89,0.22931893
8/9/2016,DM 2,Frecologic,30.501944,86.421111,80,5,N,89,0.22931893
8/9/2016,DM 2,Frecologic,30.501944,86.421111,80,6,N,89,0.22931893
8/9/2016,DM 2,Frecologic,30.501944,86.421111,80,7,N,89,0.22931893
8/9/2016,DM 2,Frecologic,30.501944,86.421111,80,8,N,89,0.22931893
8/9/2016,DM 2,Frecologic,30.501944,86.421111,80,9,N,89,0.22931893
8/9/2016,DM 2,Frecologic,30.501944,86.421111,90,1,N,69,0.22931893
8/9/2016,DM 2,Frecologic,30.501944,86.421111,90,2,N,69,0.22931893
8/9/2016,DM 2,Frecologic,30.501944,86.421111,90,3,N,69,0.22931893
8/9/2016,DM 2,Frecologic,30.501944,86.421111,90,4,6,69,0.22931893
8/9/2016,DM 2,Frecologic,30.501944,86.421111,90,5,N,69,0.22931893
8/9/2016,DM 2,Frecologic,30.501944,86.421111,90,6,N,69,0.22931893
8/9/2016,DM 2,Frecologic,30.501944,86.421111,90,7,N,69,0.22931893
8/9/2016,DM 2,Frecologic,30.501944,86.421111,90,8,N,69,0.22931893
8/9/2016,DM 2,Frecologic,30.501944,86.421111,90,9,N,69,0.22931893
8/9/2016,DM 2,Frecologic,30.501944,86.421111,100,1,N,83,0.22931893
8/9/2016,DM 2,Frecologic,30.501944,86.421111,100,2,N,83,0.22931893
8/9/2016,DM 2,Frecologic,30.501944,86.421111,100,3,6,83,0.22931893
8/9/2016,DM 2,Frecologic,30.501944,86.421111,100,4,N,83,0.22931893
8/9/2016,DM 2,Frecologic,30.501944,86.421111,100,5,N,83,0.22931893
8/9/2016,DM 2,Frecologic,30.501944,86.421111,100,6,N,83,0.22931893
8/9/2016,DM 2,Frecologic,30.501944,86.421111,100,7,N,83,0.22931893
8/9/2016,DM 2,Frecologic,30.501944,86.421111,100,8,N,83,0.22931893
8/9/2016,DM 2,Frecologic,30.501944,86.421111,100,9,N,83,0.22931893
8/9/2016,DM 3,Frecologic,30.536389,86.433056,0,1,N,73,0.0550976
8/9/2016,DM 3,Frecologic,30.536389,86.433056,0,2,N,73,0.0550976
8/9/2016,DM 3,Frecologic,30.536389,86.433056,0,3,N,73,0.0550976
8/9/2016,DM 3,Frecologic,30.536389,86.433056,0,4,N,73,0.0550976
8/9/2016,DM 3,Frecologic,30.536389,86.433056,0,5,N,73,0.0550976
8/9/2016,DM 3,Frecologic,30.536389,86.433056,0,6,N,73,0.0550976
8/9/2016,DM 3,Frecologic,30.536389,86.433056,0,7,N,73,0.0550976
8/9/2016,DM 3,Frecologic,30.536389,86.433056,0,8,N,73,0.0550976
8/9/2016,DM 3,Frecologic,30.536389,86.433056,0,9,N,73,0.0550976
8/9/2016,DM 3,Frecologic,30.536389,86.433056,10,1,N,89,0.0550976
8/9/2016,DM 3,Frecologic,30.536389,86.433056,10,2,N,89,0.0550976
8/9/2016,DM 3,Frecologic,30.536389,86.433056,10,3,N,89,0.0550976
8/9/2016,DM 3,Frecologic,30.536389,86.433056,10,4,N,89,0.0550976
8/9/2016,DM 3,Frecologic,30.536389,86.433056,10,5,N,89,0.0550976
8/9/2016,DM 3,Frecologic,30.536389,86.433056,10,6,N,89,0.0550976
8/9/2016,DM 3,Frecologic,30.536389,86.433056,10,7,N,89,0.0550976
8/9/2016,DM 3,Frecologic,30.536389,86.433056,10,8,N,89,0.0550976
8/9/2016,DM 3,Frecologic,30.536389,86.433056,10,9,N,89,0.0550976
8/9/2016,DM 3,Frecologic,30.536389,86.433056,20,1,N,96,0.0550976
8/9/2016,DM 3,Frecologic,30.536389,86.433056,20,2,N,96,0.0550976
8/9/2016,DM 3,Frecologic,30.536389,86.433056,20,3,N,96,0.0550976
8/9/2016,DM 3,Frecologic,30.536389,86.433056,20,4,N,96,0.0550976
8/9/2016,DM 3,Frecologic,30.536389,86.433056,20,5,N,96,0.0550976
8/9/2016,DM 3,Frecologic,30.536389,86.433056,20,6,N,96,0.0550976
8/9/2016,DM 3,Frecologic,30.536389,86.433056,20,7,N,96,0.0550976
8/9/2016,DM 3,Frecologic,30.536389,86.433056,20,8,N,96,0.0550976
8/9/2016,DM 3,Frecologic,30.536389,86.433056,20,9,N,96,0.0550976
8/9/2016,DM 3,Frecologic,30.536389,86.433056,30,1,N,92,0.0550976
8/9/2016,DM 3,Frecologic,30.536389,86.433056,30,2,N,92,0.0550976
8/9/2016,DM 3,Frecologic,30.536389,86.433056,30,3,N,92,0.0550976
8/9/2016,DM 3,Frecologic,30.536389,86.433056,30,4,N,92,0.0550976
8/9/2016,DM 3,Frecologic,30.536389,86.433056,30,5,N,92,0.0550976
8/9/2016,DM 3,Frecologic,30.536389,86.433056,30,6,N,92,0.0550976
8/9/2016,DM 3,Frecologic,30.536389,86.433056,30,7,N,92,0.0550976
8/9/2016,DM 3,Frecologic,30.536389,86.433056,30,8,N,92,0.0550976
8/9/2016,DM 3,Frecologic,30.536389,86.433056,30,9,N,92,0.0550976
8/9/2016,DM 3,Frecologic,30.536389,86.433056,40,1,N,88,0.0550976
8/9/2016,DM 3,Frecologic,30.536389,86.433056,40,2,N,88,0.0550976
8/9/2016,DM 3,Frecologic,30.536389,86.433056,40,3,N,88,0.0550976
8/9/2016,DM 3,Frecologic,30.536389,86.433056,40,4,N,88,0.0550976
8/9/2016,DM 3,Frecologic,30.536389,86.433056,40,5,N,88,0.0550976
8/9/2016,DM 3,Frecologic,30.536389,86.433056,40,6,N,88,0.0550976
8/9/2016,DM 3,Frecologic,30.536389,86.433056,40,7,N,88,0.0550976
8/9/2016,DM 3,Frecologic,30.536389,86.433056,40,8,N,88,0.0550976
8/9/2016,DM 3,Frecologic,30.536389,86.433056,40,9,N,88,0.0550976
8/9/2016,DM 3,Frecologic,30.536389,86.433056,50,1,N,92,0.0550976
8/9/2016,DM 3,Frecologic,30.536389,86.433056,50,2,N,92,0.0550976
8/9/2016,DM 3,Frecologic,30.536389,86.433056,50,3,N,92,0.0550976
8/9/2016,DM 3,Frecologic,30.536389,86.433056,50,4,N,92,0.0550976
8/9/2016,DM 3,Frecologic,30.536389,86.433056,50,5,N,92,0.0550976
8/9/2016,DM 3,Frecologic,30.536389,86.433056,50,6,N,92,0.0550976
8/9/2016,DM 3,Frecologic,30.536389,86.433056,50,7,N,92,0.0550976
8/9/2016,DM 3,Frecologic,30.536389,86.433056,50,8,N,92,0.0550976
8/9/2016,DM 3,Frecologic,30.536389,86.433056,50,9,N,92,0.0550976
8/9/2016,DM 3,Frecologic,30.536389,86.433056,60,1,N,74,0.0550976
8/9/2016,DM 3,Frecologic,30.536389,86.433056,60,2,N,74,0.0550976
8/9/2016,DM 3,Frecologic,30.536389,86.433056,60,3,N,74,0.0550976
8/9/2016,DM 3,Frecologic,30.536389,86.433056,60,4,N,74,0.0550976
8/9/2016,DM 3,Frecologic,30.536389,86.433056,60,5,N,74,0.0550976
8/9/2016,DM 3,Frecologic,30.536389,86.433056,60,6,N,74,0.0550976
8/9/2016,DM 3,Frecologic,30.536389,86.433056,60,7,N,74,0.0550976
8/9/2016,DM 3,Frecologic,30.536389,86.433056,60,8,N,74,0.0550976
8/9/2016,DM 3,Frecologic,30.536389,86.433056,60,9,N,74,0.0550976
8/9/2016,DM 3,Frecologic,30.536389,86.433056,70,1,N,88,0.0550976
8/9/2016,DM 3,Frecologic,30.536389,86.433056,70,2,N,88,0.0550976
8/9/2016,DM 3,Frecologic,30.536389,86.433056,70,3,N,88,0.0550976
8/9/2016,DM 3,Frecologic,30.536389,86.433056,70,4,N,88,0.0550976
8/9/2016,DM 3,Frecologic,30.536389,86.433056,70,5,N,88,0.0550976
8/9/2016,DM 3,Frecologic,30.536389,86.433056,70,6,N,88,0.0550976
8/9/2016,DM 3,Frecologic,30.536389,86.433056,70,7,N,88,0.0550976
8/9/2016,DM 3,Frecologic,30.536389,86.433056,70,8,N,88,0.0550976
8/9/2016,DM 3,Frecologic,30.536389,86.433056,70,9,N,88,0.0550976
8/9/2016,DM 3,Frecologic,30.536389,86.433056,80,1,N,25,0.0550976
8/9/2016,DM 3,Frecologic,30.536389,86.433056,80,2,4,25,0.0550976
8/9/2016,DM 3,Frecologic,30.536389,86.433056,80,3,N,25,0.0550976
8/9/2016,DM 3,Frecologic,30.536389,86.433056,80,4,N,25,0.0550976
8/9/2016,DM 3,Frecologic,30.536389,86.433056,80,5,N,25,0.0550976
8/9/2016,DM 3,Frecologic,30.536389,86.433056,80,6,3,25,0.0550976
8/9/2016,DM 3,Frecologic,30.536389,86.433056,80,7,6,25,0.0550976
8/9/2016,DM 3,Frecologic,30.536389,86.433056,80,8,N,25,0.0550976
8/9/2016,DM 3,Frecologic,30.536389,86.433056,80,9,6,25,0.0550976
8/9/2016,DM 3,Frecologic,30.536389,86.433056,90,1,N,8,0.0550976
8/9/2016,DM 3,Frecologic,30.536389,86.433056,90,2,N,8,0.0550976
8/9/2016,DM 3,Frecologic,30.536389,86.433056,90,3,6,8,0.0550976
8/9/2016,DM 3,Frecologic,30.536389,86.433056,90,4,N,8,0.0550976
8/9/2016,DM 3,Frecologic,30.536389,86.433056,90,5,6,8,0.0550976
8/9/2016,DM 3,Frecologic,30.536389,86.433056,90,6,N,8,0.0550976
8/9/2016,DM 3,Frecologic,30.536389,86.433056,90,7,6,8,0.0550976
8/9/2016,DM 3,Frecologic,30.536389,86.433056,90,8,6,8,0.0550976
8/9/2016,DM 3,Frecologic,30.536389,86.433056,90,9,6,8,0.0550976
8/9/2016,DM 3,Frecologic,30.536389,86.433056,100,1,6,5,0.0550976
8/9/2016,DM 3,Frecologic,30.536389,86.433056,100,2,6,5,0.0550976
8/9/2016,DM 3,Frecologic,30.536389,86.433056,100,3,5,5,0.0550976
8/9/2016,DM 3,Frecologic,30.536389,86.433056,100,4,N,5,0.0550976
8/9/2016,DM 3,Frecologic,30.536389,86.433056,100,5,N,5,0.0550976
8/9/2016,DM 3,Frecologic,30.536389,86.433056,100,6,6,5,0.0550976
8/9/2016,DM 3,Frecologic,30.536389,86.433056,100,7,6,5,0.0550976
8/9/2016,DM 3,Frecologic,30.536389,86.433056,100,8,6,5,0.0550976
8/9/2016,DM 3,Frecologic,30.536389,86.433056,100,9,6,5,0.0550976
8/9/2016,DM 4,Frecologic,30.537222,86.435833,0,1,N,96,0.4809148
8/9/2016,DM 4,Frecologic,30.537222,86.435833,0,2,N,96,0.4809148
8/9/2016,DM 4,Frecologic,30.537222,86.435833,0,3,N,96,0.4809148
8/9/2016,DM 4,Frecologic,30.537222,86.435833,0,4,N,96,0.4809148
8/9/2016,DM 4,Frecologic,30.537222,86.435833,0,5,N,96,0.4809148
8/9/2016,DM 4,Frecologic,30.537222,86.435833,0,6,N,96,0.4809148
8/9/2016,DM 4,Frecologic,30.537222,86.435833,0,7,N,96,0.4809148
8/9/2016,DM 4,Frecologic,30.537222,86.435833,0,8,N,96,0.4809148
8/9/2016,DM 4,Frecologic,30.537222,86.435833,0,9,N,96,0.4809148
8/9/2016,DM 4,Frecologic,30.537222,86.435833,10,1,N,96,0.4809148
8/9/2016,DM 4,Frecologic,30.537222,86.435833,10,2,N,96,0.4809148
8/9/2016,DM 4,Frecologic,30.537222,86.435833,10,3,N,96,0.4809148
8/9/2016,DM 4,Frecologic,30.537222,86.435833,10,4,N,96,0.4809148
8/9/2016,DM 4,Frecologic,30.537222,86.435833,10,5,N,96,0.4809148
8/9/2016,DM 4,Frecologic,30.537222,86.435833,10,6,N,96,0.4809148
8/9/2016,DM 4,Frecologic,30.537222,86.435833,10,7,N,96,0.4809148
8/9/2016,DM 4,Frecologic,30.537222,86.435833,10,8,N,96,0.4809148
8/9/2016,DM 4,Frecologic,30.537222,86.435833,10,9,N,96,0.4809148
8/9/2016,DM 4,Frecologic,30.537222,86.435833,20,1,N,96,0.4809148
8/9/2016,DM 4,Frecologic,30.537222,86.435833,20,2,N,96,0.4809148
8/9/2016,DM 4,Frecologic,30.537222,86.435833,20,3,N,96,0.4809148
8/9/2016,DM 4,Frecologic,30.537222,86.435833,20,4,N,96,0.4809148
8/9/2016,DM 4,Frecologic,30.537222,86.435833,20,5,N,96,0.4809148
8/9/2016,DM 4,Frecologic,30.537222,86.435833,20,6,N,96,0.4809148
8/9/2016,DM 4,Frecologic,30.537222,86.435833,20,7,N,96,0.4809148
8/9/2016,DM 4,Frecologic,30.537222,86.435833,20,8,N,96,0.4809148
8/9/2016,DM 4,Frecologic,30.537222,86.435833,20,9,N,96,0.4809148
8/9/2016,DM 4,Frecologic,30.537222,86.435833,30,1,N,96,0.4809148
8/9/2016,DM 4,Frecologic,30.537222,86.435833,30,2,N,96,0.4809148
8/9/2016,DM 4,Frecologic,30.537222,86.435833,30,3,N,96,0.4809148
8/9/2016,DM 4,Frecologic,30.537222,86.435833,30,4,N,96,0.4809148
8/9/2016,DM 4,Frecologic,30.537222,86.435833,30,5,N,96,0.4809148
8/9/2016,DM 4,Frecologic,30.537222,86.435833,30,6,N,96,0.4809148
8/9/2016,DM 4,Frecologic,30.537222,86.435833,30,7,N,96,0.4809148
8/9/2016,DM 4,Frecologic,30.537222,86.435833,30,8,N,96,0.4809148
8/9/2016,DM 4,Frecologic,30.537222,86.435833,30,9,N,96,0.4809148
8/9/2016,DM 4,Frecologic,30.537222,86.435833,40,1,N,96,0.4809148
8/9/2016,DM 4,Frecologic,30.537222,86.435833,40,2,N,96,0.4809148
8/9/2016,DM 4,Frecologic,30.537222,86.435833,40,3,N,96,0.4809148
8/9/2016,DM 4,Frecologic,30.537222,86.435833,40,4,N,96,0.4809148
8/9/2016,DM 4,Frecologic,30.537222,86.435833,40,5,N,96,0.4809148
8/9/2016,DM 4,Frecologic,30.537222,86.435833,40,6,N,96,0.4809148
8/9/2016,DM 4,Frecologic,30.537222,86.435833,40,7,N,96,0.4809148
8/9/2016,DM 4,Frecologic,30.537222,86.435833,40,8,N,96,0.4809148
8/9/2016,DM 4,Frecologic,30.537222,86.435833,40,9,N,96,0.4809148
8/9/2016,DM 4,Frecologic,30.537222,86.435833,50,1,N,95,0.4809148
8/9/2016,DM 4,Frecologic,30.537222,86.435833,50,2,N,95,0.4809148
8/9/2016,DM 4,Frecologic,30.537222,86.435833,50,3,N,95,0.4809148
8/9/2016,DM 4,Frecologic,30.537222,86.435833,50,4,N,95,0.4809148
8/9/2016,DM 4,Frecologic,30.537222,86.435833,50,5,N,95,0.4809148
8/9/2016,DM 4,Frecologic,30.537222,86.435833,50,6,N,95,0.4809148
8/9/2016,DM 4,Frecologic,30.537222,86.435833,50,7,N,95,0.4809148
8/9/2016,DM 4,Frecologic,30.537222,86.435833,50,8,N,95,0.4809148
8/9/2016,DM 4,Frecologic,30.537222,86.435833,50,9,N,95,0.4809148
8/9/2016,DM 4,Frecologic,30.537222,86.435833,60,1,N,96,0.4809148
8/9/2016,DM 4,Frecologic,30.537222,86.435833,60,2,N,96,0.4809148
8/9/2016,DM 4,Frecologic,30.537222,86.435833,60,3,N,96,0.4809148
8/9/2016,DM 4,Frecologic,30.537222,86.435833,60,4,N,96,0.4809148
8/9/2016,DM 4,Frecologic,30.537222,86.435833,60,5,N,96,0.4809148
8/9/2016,DM 4,Frecologic,30.537222,86.435833,60,6,N,96,0.4809148
8/9/2016,DM 4,Frecologic,30.537222,86.435833,60,7,N,96,0.4809148
8/9/2016,DM 4,Frecologic,30.537222,86.435833,60,8,N,96,0.4809148
8/9/2016,DM 4,Frecologic,30.537222,86.435833,60,9,N,96,0.4809148
8/9/2016,DM 4,Frecologic,30.537222,86.435833,70,1,N,84,0.4809148
8/9/2016,DM 4,Frecologic,30.537222,86.435833,70,2,N,84,0.4809148
8/9/2016,DM 4,Frecologic,30.537222,86.435833,70,3,N,84,0.4809148
8/9/2016,DM 4,Frecologic,30.537222,86.435833,70,4,N,84,0.4809148
8/9/2016,DM 4,Frecologic,30.537222,86.435833,70,5,N,84,0.4809148
8/9/2016,DM 4,Frecologic,30.537222,86.435833,70,6,N,84,0.4809148
8/9/2016,DM 4,Frecologic,30.537222,86.435833,70,7,N,84,0.4809148
8/9/2016,DM 4,Frecologic,30.537222,86.435833,70,8,N,84,0.4809148
8/9/2016,DM 4,Frecologic,30.537222,86.435833,70,9,N,84,0.4809148
8/9/2016,DM 4,Frecologic,30.537222,86.435833,80,1,N,96,0.4809148
8/9/2016,DM 4,Frecologic,30.537222,86.435833,80,2,N,96,0.4809148
8/9/2016,DM 4,Frecologic,30.537222,86.435833,80,3,N,96,0.4809148
8/9/2016,DM 4,Frecologic,30.537222,86.435833,80,4,N,96,0.4809148
8/9/2016,DM 4,Frecologic,30.537222,86.435833,80,5,N,96,0.4809148
8/9/2016,DM 4,Frecologic,30.537222,86.435833,80,6,N,96,0.4809148
8/9/2016,DM 4,Frecologic,30.537222,86.435833,80,7,N,96,0.4809148
8/9/2016,DM 4,Frecologic,30.537222,86.435833,80,8,N,96,0.4809148
8/9/2016,DM 4,Frecologic,30.537222,86.435833,80,9,N,96,0.4809148
8/9/2016,DM 4,Frecologic,30.537222,86.435833,90,1,N,96,0.4809148
8/9/2016,DM 4,Frecologic,30.537222,86.435833,90,2,N,96,0.4809148
8/9/2016,DM 4,Frecologic,30.537222,86.435833,90,3,N,96,0.4809148
8/9/2016,DM 4,Frecologic,30.537222,86.435833,90,4,N,96,0.4809148
8/9/2016,DM 4,Frecologic,30.537222,86.435833,90,5,N,96,0.4809148
8/9/2016,DM 4,Frecologic,30.537222,86.435833,90,6,N,96,0.4809148
8/9/2016,DM 4,Frecologic,30.537222,86.435833,90,7,N,96,0.4809148
8/9/2016,DM 4,Frecologic,30.537222,86.435833,90,8,N,96,0.4809148
8/9/2016,DM 4,Frecologic,30.537222,86.435833,90,9,N,96,0.4809148
8/9/2016,DM 4,Frecologic,30.537222,86.435833,100,1,N,96,0.4809148
8/9/2016,DM 4,Frecologic,30.537222,86.435833,100,2,N,96,0.4809148
8/9/2016,DM 4,Frecologic,30.537222,86.435833,100,3,N,96,0.4809148
8/9/2016,DM 4,Frecologic,30.537222,86.435833,100,4,N,96,0.4809148
8/9/2016,DM 4,Frecologic,30.537222,86.435833,100,5,N,96,0.4809148
8/9/2016,DM 4,Frecologic,30.537222,86.435833,100,6,N,96,0.4809148
8/9/2016,DM 4,Frecologic,30.537222,86.435833,100,7,N,96,0.4809148
8/9/2016,DM 4,Frecologic,30.537222,86.435833,100,8,N,96,0.4809148
8/9/2016,DM 4,Frecologic,30.537222,86.435833,100,9,N,96,0.4809148
8/9/2016,DM 5,Frecologic,30.537222,86.435833,0,1,N,96,0.85959123
8/9/2016,DM 5,Frecologic,30.537222,86.435833,0,2,N,96,0.85959123
8/9/2016,DM 5,Frecologic,30.537222,86.435833,0,3,N,96,0.85959123
8/9/2016,DM 5,Frecologic,30.537222,86.435833,0,4,N,96,0.85959123
8/9/2016,DM 5,Frecologic,30.537222,86.435833,0,5,N,96,0.85959123
8/9/2016,DM 5,Frecologic,30.537222,86.435833,0,6,N,96,0.85959123
8/9/2016,DM 5,Frecologic,30.537222,86.435833,0,7,N,96,0.85959123
8/9/2016,DM 5,Frecologic,30.537222,86.435833,0,8,N,96,0.85959123
8/9/2016,DM 5,Frecologic,30.537222,86.435833,0,9,N,96,0.85959123
8/9/2016,DM 5,Frecologic,30.537222,86.435833,10,1,N,96,0.85959123
8/9/2016,DM 5,Frecologic,30.537222,86.435833,10,2,N,96,0.85959123
8/9/2016,DM 5,Frecologic,30.537222,86.435833,10,3,N,96,0.85959123
8/9/2016,DM 5,Frecologic,30.537222,86.435833,10,4,N,96,0.85959123
8/9/2016,DM 5,Frecologic,30.537222,86.435833,10,5,N,96,0.85959123
8/9/2016,DM 5,Frecologic,30.537222,86.435833,10,6,N,96,0.85959123
8/9/2016,DM 5,Frecologic,30.537222,86.435833,10,7,N,96,0.85959123
8/9/2016,DM 5,Frecologic,30.537222,86.435833,10,8,N,96,0.85959123
8/9/2016,DM 5,Frecologic,30.537222,86.435833,10,9,N,96,0.85959123
8/9/2016,DM 5,Frecologic,30.537222,86.435833,20,1,N,96,0.85959123
8/9/2016,DM 5,Frecologic,30.537222,86.435833,20,2,N,96,0.85959123
8/9/2016,DM 5,Frecologic,30.537222,86.435833,20,3,N,96,0.85959123
8/9/2016,DM 5,Frecologic,30.537222,86.435833,20,4,N,96,0.85959123
8/9/2016,DM 5,Frecologic,30.537222,86.435833,20,5,N,96,0.85959123
8/9/2016,DM 5,Frecologic,30.537222,86.435833,20,6,N,96,0.85959123
8/9/2016,DM 5,Frecologic,30.537222,86.435833,20,7,N,96,0.85959123
8/9/2016,DM 5,Frecologic,30.537222,86.435833,20,8,N,96,0.85959123
8/9/2016,DM 5,Frecologic,30.537222,86.435833,20,9,N,96,0.85959123
8/9/2016,DM 5,Frecologic,30.537222,86.435833,30,1,N,95,0.85959123
8/9/2016,DM 5,Frecologic,30.537222,86.435833,30,2,N,95,0.85959123
8/9/2016,DM 5,Frecologic,30.537222,86.435833,30,3,N,95,0.85959123
8/9/2016,DM 5,Frecologic,30.537222,86.435833,30,4,N,95,0.85959123
8/9/2016,DM 5,Frecologic,30.537222,86.435833,30,5,N,95,0.85959123
8/9/2016,DM 5,Frecologic,30.537222,86.435833,30,6,N,95,0.85959123
8/9/2016,DM 5,Frecologic,30.537222,86.435833,30,7,N,95,0.85959123
8/9/2016,DM 5,Frecologic,30.537222,86.435833,30,8,N,95,0.85959123
8/9/2016,DM 5,Frecologic,30.537222,86.435833,30,9,N,95,0.85959123
8/9/2016,DM 5,Frecologic,30.537222,86.435833,40,1,N,96,0.85959123
8/9/2016,DM 5,Frecologic,30.537222,86.435833,40,2,N,96,0.85959123
8/9/2016,DM 5,Frecologic,30.537222,86.435833,40,3,N,96,0.85959123
8/9/2016,DM 5,Frecologic,30.537222,86.435833,40,4,N,96,0.85959123
8/9/2016,DM 5,Frecologic,30.537222,86.435833,40,5,N,96,0.85959123
8/9/2016,DM 5,Frecologic,30.537222,86.435833,40,6,N,96,0.85959123
8/9/2016,DM 5,Frecologic,30.537222,86.435833,40,7,N,96,0.85959123
8/9/2016,DM 5,Frecologic,30.537222,86.435833,40,8,N,96,0.85959123
8/9/2016,DM 5,Frecologic,30.537222,86.435833,40,9,N,96,0.85959123
8/9/2016,DM 5,Frecologic,30.537222,86.435833,50,1,N,96,0.85959123
8/9/2016,DM 5,Frecologic,30.537222,86.435833,50,2,N,96,0.85959123
8/9/2016,DM 5,Frecologic,30.537222,86.435833,50,3,N,96,0.85959123
8/9/2016,DM 5,Frecologic,30.537222,86.435833,50,4,N,96,0.85959123
8/9/2016,DM 5,Frecologic,30.537222,86.435833,50,5,N,96,0.85959123
8/9/2016,DM 5,Frecologic,30.537222,86.435833,50,6,N,96,0.85959123
8/9/2016,DM 5,Frecologic,30.537222,86.435833,50,7,N,96,0.85959123
8/9/2016,DM 5,Frecologic,30.537222,86.435833,50,8,N,96,0.85959123
8/9/2016,DM 5,Frecologic,30.537222,86.435833,50,9,N,96,0.85959123
8/9/2016,DM 5,Frecologic,30.537222,86.435833,60,1,N,96,0.85959123
8/9/2016,DM 5,Frecologic,30.537222,86.435833,60,2,N,96,0.85959123
8/9/2016,DM 5,Frecologic,30.537222,86.435833,60,3,N,96,0.85959123
8/9/2016,DM 5,Frecologic,30.537222,86.435833,60,4,N,96,0.85959123
8/9/2016,DM 5,Frecologic,30.537222,86.435833,60,5,N,96,0.85959123
8/9/2016,DM 5,Frecologic,30.537222,86.435833,60,6,N,96,0.85959123
8/9/2016,DM 5,Frecologic,30.537222,86.435833,60,7,N,96,0.85959123
8/9/2016,DM 5,Frecologic,30.537222,86.435833,60,8,N,96,0.85959123
8/9/2016,DM 5,Frecologic,30.537222,86.435833,60,9,N,96,0.85959123
8/9/2016,DM 5,Frecologic,30.537222,86.435833,70,1,N,96,0.85959123
8/9/2016,DM 5,Frecologic,30.537222,86.435833,70,2,N,96,0.85959123
8/9/2016,DM 5,Frecologic,30.537222,86.435833,70,3,N,96,0.85959123
8/9/2016,DM 5,Frecologic,30.537222,86.435833,70,4,N,96,0.85959123
8/9/2016,DM 5,Frecologic,30.537222,86.435833,70,5,N,96,0.85959123
8/9/2016,DM 5,Frecologic,30.537222,86.435833,70,6,N,96,0.85959123
8/9/2016,DM 5,Frecologic,30.537222,86.435833,70,7,N,96,0.85959123
8/9/2016,DM 5,Frecologic,30.537222,86.435833,70,8,N,96,0.85959123
8/9/2016,DM 5,Frecologic,30.537222,86.435833,70,9,N,96,0.85959123
8/9/2016,DM 5,Frecologic,30.537222,86.435833,80,1,N,96,0.85959123
8/9/2016,DM 5,Frecologic,30.537222,86.435833,80,2,N,96,0.85959123
8/9/2016,DM 5,Frecologic,30.537222,86.435833,80,3,N,96,0.85959123
8/9/2016,DM 5,Frecologic,30.537222,86.435833,80,4,N,96,0.85959123
8/9/2016,DM 5,Frecologic,30.537222,86.435833,80,5,N,96,0.85959123
8/9/2016,DM 5,Frecologic,30.537222,86.435833,80,6,N,96,0.85959123
8/9/2016,DM 5,Frecologic,30.537222,86.435833,80,7,N,96,0.85959123
8/9/2016,DM 5,Frecologic,30.537222,86.435833,80,8,N,96,0.85959123
8/9/2016,DM 5,Frecologic,30.537222,86.435833,80,9,N,96,0.85959123
8/9/2016,DM 5,Frecologic,30.537222,86.435833,90,1,N,96,0.85959123
8/9/2016,DM 5,Frecologic,30.537222,86.435833,90,2,N,96,0.85959123
8/9/2016,DM 5,Frecologic,30.537222,86.435833,90,3,N,96,0.85959123
8/9/2016,DM 5,Frecologic,30.537222,86.435833,90,4,N,96,0.85959123
8/9/2016,DM 5,Frecologic,30.537222,86.435833,90,5,N,96,0.85959123
8/9/2016,DM 5,Frecologic,30.537222,86.435833,90,6,N,96,0.85959123
8/9/2016,DM 5,Frecologic,30.537222,86.435833,90,7,N,96,0.85959123
8/9/2016,DM 5,Frecologic,30.537222,86.435833,90,8,N,96,0.85959123
8/9/2016,DM 5,Frecologic,30.537222,86.435833,90,9,N,96,0.85959123
8/9/2016,DM 5,Frecologic,30.537222,86.435833,100,1,N,96,0.85959123
8/9/2016,DM 5,Frecologic,30.537222,86.435833,100,2,N,96,0.85959123
8/9/2016,DM 5,Frecologic,30.537222,86.435833,100,3,N,96,0.85959123
8/9/2016,DM 5,Frecologic,30.537222,86.435833,100,4,N,96,0.85959123
8/9/2016,DM 5,Frecologic,30.537222,86.435833,100,5,N,96,0.85959123
8/9/2016,DM 5,Frecologic,30.537222,86.435833,100,6,N,96,0.85959123
8/9/2016,DM 5,Frecologic,30.537222,86.435833,100,7,N,96,0.85959123
8/9/2016,DM 5,Frecologic,30.537222,86.435833,100,8,N,96,0.85959123
8/9/2016,DM 5,Frecologic,30.537222,-86.435833,100,9,N,96,0.85959123
10/21/2015,DM 3,FDEP,30.536361,-86.433083,0,1,N,40,0.0550976
10/21/2015,DM 3,FDEP,30.536361,-86.433083,0,2,N,40,0.0550976
10/21/2015,DM 3,FDEP,30.536361,-86.433083,0,3,5,40,0.0550976
10/21/2015,DM 3,FDEP,30.536361,-86.433083,0,4,N,40,0.0550976
10/21/2015,DM 3,FDEP,30.536361,-86.433083,0,5,N,40,0.0550976
10/21/2015,DM 3,FDEP,30.536361,-86.433083,0,6,N,40,0.0550976
10/21/2015,DM 3,FDEP,30.536361,-86.433083,0,7,N,40,0.0550976
10/21/2015,DM 3,FDEP,30.536361,-86.433083,0,8,N,40,0.0550976
10/21/2015,DM 3,FDEP,30.536361,-86.433083,0,9,N,40,0.0550976
10/21/2015,DM 3,FDEP,30.536361,-86.433083,10,1,6,33,0.0550976
10/21/2015,DM 3,FDEP,30.536361,-86.433083,10,2,N,33,0.0550976
10/21/2015,DM 3,FDEP,30.536361,-86.433083,10,3,N,33,0.0550976
10/21/2015,DM 3,FDEP,30.536361,-86.433083,10,4,N,33,0.0550976
10/21/2015,DM 3,FDEP,30.536361,-86.433083,10,5,3,33,0.0550976
10/21/2015,DM 3,FDEP,30.536361,-86.433083,10,6,N,33,0.0550976
10/21/2015,DM 3,FDEP,30.536361,-86.433083,10,7,N,33,0.0550976
10/21/2015,DM 3,FDEP,30.536361,-86.433083,10,8,N,33,0.0550976
10/21/2015,DM 3,FDEP,30.536361,-86.433083,10,9,N,33,0.0550976
10/21/2015,DM 3,FDEP,30.536361,-86.433083,20,1,N,60,0.0550976
10/21/2015,DM 3,FDEP,30.536361,-86.433083,20,2,N,60,0.0550976
10/21/2015,DM 3,FDEP,30.536361,-86.433083,20,3,N,60,0.0550976
10/21/2015,DM 3,FDEP,30.536361,-86.433083,20,4,N,60,0.0550976
10/21/2015,DM 3,FDEP,30.536361,-86.433083,20,5,N,60,0.0550976
10/21/2015,DM 3,FDEP,30.536361,-86.433083,20,6,N,60,0.0550976
10/21/2015,DM 3,FDEP,30.536361,-86.433083,20,7,N,60,0.0550976
10/21/2015,DM 3,FDEP,30.536361,-86.433083,20,8,N,60,0.0550976
10/21/2015,DM 3,FDEP,30.536361,-86.433083,20,9,N,60,0.0550976
10/21/2015,DM 3,FDEP,30.536361,-86.433083,30,1,N,76,0.0550976
10/21/2015,DM 3,FDEP,30.536361,-86.433083,30,2,N,76,0.0550976
10/21/2015,DM 3,FDEP,30.536361,-86.433083,30,3,N,76,0.0550976
10/21/2015,DM 3,FDEP,30.536361,-86.433083,30,4,N,76,0.0550976
10/21/2015,DM 3,FDEP,30.536361,-86.433083,30,5,N,76,0.0550976
10/21/2015,DM 3,FDEP,30.536361,-86.433083,30,6,N,76,0.0550976
10/21/2015,DM 3,FDEP,30.536361,-86.433083,30,7,N,76,0.0550976
10/21/2015,DM 3,FDEP,30.536361,-86.433083,30,8,N,76,0.0550976
10/21/2015,DM 3,FDEP,30.536361,-86.433083,30,9,N,76,0.0550976
10/21/2015,DM 3,FDEP,30.536361,-86.433083,40,1,N,66,0.0550976
10/21/2015,DM 3,FDEP,30.536361,-86.433083,40,2,N,66,0.0550976
10/21/2015,DM 3,FDEP,30.536361,-86.433083,40,3,N,66,0.0550976
10/21/2015,DM 3,FDEP,30.536361,-86.433083,40,4,N,66,0.0550976
10/21/2015,DM 3,FDEP,30.536361,-86.433083,40,5,N,66,0.0550976
10/21/2015,DM 3,FDEP,30.536361,-86.433083,40,6,6,66,0.0550976
10/21/2015,DM 3,FDEP,30.536361,-86.433083,40,7,N,66,0.0550976
10/21/2015,DM 3,FDEP,30.536361,-86.433083,40,8,N,66,0.0550976
10/21/2015,DM 3,FDEP,30.536361,-86.433083,40,9,N,66,0.0550976
10/21/2015,DM 3,FDEP,30.536361,-86.433083,50,1,5,50,0.0550976
10/21/2015,DM 3,FDEP,30.536361,-86.433083,50,2,6,50,0.0550976
10/21/2015,DM 3,FDEP,30.536361,-86.433083,50,3,6,50,0.0550976
10/21/2015,DM 3,FDEP,30.536361,-86.433083,50,4,N,50,0.0550976
10/21/2015,DM 3,FDEP,30.536361,-86.433083,50,5,N,50,0.0550976
10/21/2015,DM 3,FDEP,30.536361,-86.433083,50,6,N,50,0.0550976
10/21/2015,DM 3,FDEP,30.536361,-86.433083,50,7,N,50,0.0550976
10/21/2015,DM 3,FDEP,30.536361,-86.433083,50,8,N,50,0.0550976
10/21/2015,DM 3,FDEP,30.536361,-86.433083,50,9,N,50,0.0550976
10/21/2015,DM 3,FDEP,30.536361,-86.433083,60,1,N,56,0.0550976
10/21/2015,DM 3,FDEP,30.536361,-86.433083,60,2,N,56,0.0550976
10/21/2015,DM 3,FDEP,30.536361,-86.433083,60,3,5,56,0.0550976
10/21/2015,DM 3,FDEP,30.536361,-86.433083,60,4,5,56,0.0550976
10/21/2015,DM 3,FDEP,30.536361,-86.433083,60,5,5,56,0.0550976
10/21/2015,DM 3,FDEP,30.536361,-86.433083,60,6,4,56,0.0550976
10/21/2015,DM 3,FDEP,30.536361,-86.433083,60,7,N,56,0.0550976
10/21/2015,DM 3,FDEP,30.536361,-86.433083,60,8,N,56,0.0550976
10/21/2015,DM 3,FDEP,30.536361,-86.433083,60,9,N,56,0.0550976
10/21/2015,DM 3,FDEP,30.536361,-86.433083,70,1,N,50,0.0550976
10/21/2015,DM 3,FDEP,30.536361,-86.433083,70,2,5,50,0.0550976
10/21/2015,DM 3,FDEP,30.536361,-86.433083,70,3,N,50,0.0550976
10/21/2015,DM 3,FDEP,30.536361,-86.433083,70,4,6,50,0.0550976
10/21/2015,DM 3,FDEP,30.536361,-86.433083,70,5,N,50,0.0550976
10/21/2015,DM 3,FDEP,30.536361,-86.433083,70,6,N,50,0.0550976
10/21/2015,DM 3,FDEP,30.536361,-86.433083,70,7,N,50,0.0550976
10/21/2015,DM 3,FDEP,30.536361,-86.433083,70,8,N,50,0.0550976
10/21/2015,DM 3,FDEP,30.536361,-86.433083,70,9,N,50,0.0550976
10/21/2015,DM 3,FDEP,30.536361,-86.433083,80,1,5,13,0.0550976
10/21/2015,DM 3,FDEP,30.536361,-86.433083,80,2,N,13,0.0550976
10/21/2015,DM 3,FDEP,30.536361,-86.433083,80,3,6,13,0.0550976
10/21/2015,DM 3,FDEP,30.536361,-86.433083,80,4,N,13,0.0550976
10/21/2015,DM 3,FDEP,30.536361,-86.433083,80,5,6,13,0.0550976
10/21/2015,DM 3,FDEP,30.536361,-86.433083,80,6,6,13,0.0550976
10/21/2015,DM 3,FDEP,30.536361,-86.433083,80,7,N,13,0.0550976
10/21/2015,DM 3,FDEP,30.536361,-86.433083,80,8,5,13,0.0550976
10/21/2015,DM 3,FDEP,30.536361,-86.433083,80,9,N,13,0.0550976
10/21/2015,DM 3,FDEP,30.536361,-86.433083,90,1,6,3,0.0550976
10/21/2015,DM 3,FDEP,30.536361,-86.433083,90,2,6,3,0.0550976
10/21/2015,DM 3,FDEP,30.536361,-86.433083,90,3,N,3,0.0550976
10/21/2015,DM 3,FDEP,30.536361,-86.433083,90,4,5,3,0.0550976
10/21/2015,DM 3,FDEP,30.536361,-86.433083,90,5,N,3,0.0550976
10/21/2015,DM 3,FDEP,30.536361,-86.433083,90,6,5,3,0.0550976
10/21/2015,DM 3,FDEP,30.536361,-86.433083,90,7,N,3,0.0550976
10/21/2015,DM 3,FDEP,30.536361,-86.433083,90,8,N,3,0.0550976
10/21/2015,DM 3,FDEP,30.536361,-86.433083,90,9,N,3,0.0550976
10/21/2015,DM 3,FDEP,30.536361,-86.433083,100,1,6,6,0.0550976
10/21/2015,DM 3,FDEP,30.536361,-86.433083,100,2,6,6,0.0550976
10/21/2015,DM 3,FDEP,30.536361,-86.433083,100,3,6,6,0.0550976
10/21/2015,DM 3,FDEP,30.536361,-86.433083,100,4,N,6,0.0550976
10/21/2015,DM 3,FDEP,30.536361,-86.433083,100,5,N,6,0.0550976
10/21/2015,DM 3,FDEP,30.536361,-86.433083,100,6,N,6,0.0550976
10/21/2015,DM 3,FDEP,30.536361,-86.433083,100,7,6,6,0.0550976
10/21/2015,DM 3,FDEP,30.536361,-86.433083,100,8,6,6,0.0550976
10/21/2015,DM 3,FDEP,30.536361,-86.433083,100,9,6,6,0.0550976
7/12/2016,DM 3,FDEP,30.53621,-86.43324,0,1,N,90,0.0550976
7/12/2016,DM 3,FDEP,30.53621,-86.43324,0,2,N,90,0.0550976
7/12/2016,DM 3,FDEP,30.53621,-86.43324,0,3,N,90,0.0550976
7/12/2016,DM 3,FDEP,30.53621,-86.43324,0,4,N,90,0.0550976
7/12/2016,DM 3,FDEP,30.53621,-86.43324,0,5,N,90,0.0550976
7/12/2016,DM 3,FDEP,30.53621,-86.43324,0,6,N,90,0.0550976
7/12/2016,DM 3,FDEP,30.53621,-86.43324,0,7,3,90,0.0550976
7/12/2016,DM 3,FDEP,30.53621,-86.43324,0,8,N,90,0.0550976
7/12/2016,DM 3,FDEP,30.53621,-86.43324,0,9,N,90,0.0550976
7/12/2016,DM 3,FDEP,30.53621,-86.43324,10,1,6,42,0.0550976
7/12/2016,DM 3,FDEP,30.53621,-86.43324,10,2,6,42,0.0550976
7/12/2016,DM 3,FDEP,30.53621,-86.43324,10,3,N,42,0.0550976
7/12/2016,DM 3,FDEP,30.53621,-86.43324,10,4,N,42,0.0550976
7/12/2016,DM 3,FDEP,30.53621,-86.43324,10,5,5,42,0.0550976
7/12/2016,DM 3,FDEP,30.53621,-86.43324,10,6,4,42,0.0550976
7/12/2016,DM 3,FDEP,30.53621,-86.43324,10,7,N,42,0.0550976
7/12/2016,DM 3,FDEP,30.53621,-86.43324,10,8,6,42,0.0550976
7/12/2016,DM 3,FDEP,30.53621,-86.43324,10,9,6,42,0.0550976
7/12/2016,DM 3,FDEP,30.53621,-86.43324,20,1,N,96,0.0550976
7/12/2016,DM 3,FDEP,30.53621,-86.43324,20,2,N,96,0.0550976
7/12/2016,DM 3,FDEP,30.53621,-86.43324,20,3,N,96,0.0550976
7/12/2016,DM 3,FDEP,30.53621,-86.43324,20,4,N,96,0.0550976
7/12/2016,DM 3,FDEP,30.53621,-86.43324,20,5,N,96,0.0550976
7/12/2016,DM 3,FDEP,30.53621,-86.43324,20,6,4,96,0.0550976
7/12/2016,DM 3,FDEP,30.53621,-86.43324,20,7,N,96,0.0550976
7/12/2016,DM 3,FDEP,30.53621,-86.43324,20,8,N,96,0.0550976
7/12/2016,DM 3,FDEP,30.53621,-86.43324,20,9,N,96,0.0550976
7/12/2016,DM 3,FDEP,30.53621,-86.43324,30,1,N,92,0.0550976
7/12/2016,DM 3,FDEP,30.53621,-86.43324,30,2,N,92,0.0550976
7/12/2016,DM 3,FDEP,30.53621,-86.43324,30,3,N,92,0.0550976
7/12/2016,DM 3,FDEP,30.53621,-86.43324,30,4,N,92,0.0550976
7/12/2016,DM 3,FDEP,30.53621,-86.43324,30,5,N,92,0.0550976
7/12/2016,DM 3,FDEP,30.53621,-86.43324,30,6,N,92,0.0550976
7/12/2016,DM 3,FDEP,30.53621,-86.43324,30,7,N,92,0.0550976
7/12/2016,DM 3,FDEP,30.53621,-86.43324,30,8,4,92,0.0550976
7/12/2016,DM 3,FDEP,30.53621,-86.43324,30,9,N,92,0.0550976
7/12/2016,DM 3,FDEP,30.53621,-86.43324,40,1,N,87,0.0550976
7/12/2016,DM 3,FDEP,30.53621,-86.43324,40,2,N,87,0.0550976
7/12/2016,DM 3,FDEP,30.53621,-86.43324,40,3,N,87,0.0550976
7/12/2016,DM 3,FDEP,30.53621,-86.43324,40,4,N,87,0.0550976
7/12/2016,DM 3,FDEP,30.53621,-86.43324,40,5,N,87,0.0550976
7/12/2016,DM 3,FDEP,30.53621,-86.43324,40,6,3,87,0.0550976
7/12/2016,DM 3,FDEP,30.53621,-86.43324,40,7,N,87,0.0550976
7/12/2016,DM 3,FDEP,30.53621,-86.43324,40,8,N,87,0.0550976
7/12/2016,DM 3,FDEP,30.53621,-86.43324,40,9,N,87,0.0550976
7/12/2016,DM 3,FDEP,30.53621,-86.43324,50,1,4,92,0.0550976
7/12/2016,DM 3,FDEP,30.53621,-86.43324,50,2,4,92,0.0550976
7/12/2016,DM 3,FDEP,30.53621,-86.43324,50,3,N,92,0.0550976
7/12/2016,DM 3,FDEP,30.53621,-86.43324,50,4,N,92,0.0550976
7/12/2016,DM 3,FDEP,30.53621,-86.43324,50,5,N,92,0.0550976
7/12/2016,DM 3,FDEP,30.53621,-86.43324,50,6,4,92,0.0550976
7/12/2016,DM 3,FDEP,30.53621,-86.43324,50,7,N,92,0.0550976
7/12/2016,DM 3,FDEP,30.53621,-86.43324,50,8,N,92,0.0550976
7/12/2016,DM 3,FDEP,30.53621,-86.43324,50,9,N,92,0.0550976
7/12/2016,DM 3,FDEP,30.53621,-86.43324,60,1,4,86,0.0550976
7/12/2016,DM 3,FDEP,30.53621,-86.43324,60,2,4,86,0.0550976
7/12/2016,DM 3,FDEP,30.53621,-86.43324,60,3,4,86,0.0550976
7/12/2016,DM 3,FDEP,30.53621,-86.43324,60,4,N,86,0.0550976
7/12/2016,DM 3,FDEP,30.53621,-86.43324,60,5,N,86,0.0550976
7/12/2016,DM 3,FDEP,30.53621,-86.43324,60,6,N,86,0.0550976
7/12/2016,DM 3,FDEP,30.53621,-86.43324,60,7,N,86,0.0550976
7/12/2016,DM 3,FDEP,30.53621,-86.43324,60,8,N,86,0.0550976
7/12/2016,DM 3,FDEP,30.53621,-86.43324,60,9,N,86,0.0550976
7/12/2016,DM 3,FDEP,30.53621,-86.43324,70,1,N,91,0.0550976
7/12/2016,DM 3,FDEP,30.53621,-86.43324,70,2,6,91,0.0550976
7/12/2016,DM 3,FDEP,30.53621,-86.43324,70,3,N,91,0.0550976
7/12/2016,DM 3,FDEP,30.53621,-86.43324,70,4,N,91,0.0550976
7/12/2016,DM 3,FDEP,30.53621,-86.43324,70,5,N,91,0.0550976
7/12/2016,DM 3,FDEP,30.53621,-86.43324,70,6,N,91,0.0550976
7/12/2016,DM 3,FDEP,30.53621,-86.43324,70,7,N,91,0.0550976
7/12/2016,DM 3,FDEP,30.53621,-86.43324,70,8,3,91,0.0550976
7/12/2016,DM 3,FDEP,30.53621,-86.43324,70,9,N,91,0.0550976
7/12/2016,DM 3,FDEP,30.53621,-86.43324,80,1,6,20,0.0550976
7/12/2016,DM 3,FDEP,30.53621,-86.43324,80,2,6,20,0.0550976
7/12/2016,DM 3,FDEP,30.53621,-86.43324,80,3,4,20,0.0550976
7/12/2016,DM 3,FDEP,30.53621,-86.43324,80,4,4,20,0.0550976
7/12/2016,DM 3,FDEP,30.53621,-86.43324,80,5,N,20,0.0550976
7/12/2016,DM 3,FDEP,30.53621,-86.43324,80,6,6,20,0.0550976
7/12/2016,DM 3,FDEP,30.53621,-86.43324,80,7,6,20,0.0550976
7/12/2016,DM 3,FDEP,30.53621,-86.43324,80,8,6,20,0.0550976
7/12/2016,DM 3,FDEP,30.53621,-86.43324,80,9,N,20,0.0550976
7/12/2016,DM 3,FDEP,30.53621,-86.43324,90,1,6,0,0.0550976
7/12/2016,DM 3,FDEP,30.53621,-86.43324,90,2,6,0,0.0550976
7/12/2016,DM 3,FDEP,30.53621,-86.43324,90,3,3,0,0.0550976
7/12/2016,DM 3,FDEP,30.53621,-86.43324,90,4,4,0,0.0550976
7/12/2016,DM 3,FDEP,30.53621,-86.43324,90,5,4,0,0.0550976
7/12/2016,DM 3,FDEP,30.53621,-86.43324,90,6,3,0,0.0550976
7/12/2016,DM 3,FDEP,30.53621,-86.43324,90,7,3,0,0.0550976
7/12/2016,DM 3,FDEP,30.53621,-86.43324,90,8,N,0,0.0550976
7/12/2016,DM 3,FDEP,30.53621,-86.43324,90,9,N,0,0.0550976
7/12/2016,DM 3,FDEP,30.53621,-86.43324,100,1,3,0,0.0550976
7/12/2016,DM 3,FDEP,30.53621,-86.43324,100,2,6,0,0.0550976
7/12/2016,DM 3,FDEP,30.53621,-86.43324,100,3,N,0,0.0550976
7/12/2016,DM 3,FDEP,30.53621,-86.43324,100,4,N,0,0.0550976
7/12/2016,DM 3,FDEP,30.53621,-86.43324,100,5,N,0,0.0550976
7/12/2016,DM 3,FDEP,30.53621,-86.43324,100,6,6,0,0.0550976
7/12/2016,DM 3,FDEP,30.53621,-86.43324,100,7,6,0,0.0550976
7/12/2016,DM 3,FDEP,30.53621,-86.43324,100,8,6,0,0.0550976
7/12/2016,DM 3,FDEP,30.53621,-86.43324,100,9,6,0,0.0550976
1/26/2016,DM 3,Frecologic,30.536389,86.433056,0,1,N,16,0.0550976
1/26/2016,DM 3,Frecologic,30.536389,86.433056,0,2,N,16,0.0550976
1/26/2016,DM 3,Frecologic,30.536389,86.433056,0,3,N,16,0.0550976
1/26/2016,DM 3,Frecologic,30.536389,86.433056,0,4,N,16,0.0550976
1/26/2016,DM 3,Frecologic,30.536389,86.433056,0,5,N,16,0.0550976
1/26/2016,DM 3,Frecologic,30.536389,86.433056,0,6,N,16,0.0550976
1/26/2016,DM 3,Frecologic,30.536389,86.433056,0,7,N,16,0.0550976
1/26/2016,DM 3,Frecologic,30.536389,86.433056,0,8,N,16,0.0550976
1/26/2016,DM 3,Frecologic,30.536389,86.433056,0,9,N,16,0.0550976
1/26/2016,DM 3,Frecologic,30.536389,86.433056,10,1,N,21,0.0550976
1/26/2016,DM 3,Frecologic,30.536389,86.433056,10,2,N,21,0.0550976
1/26/2016,DM 3,Frecologic,30.536389,86.433056,10,3,N,21,0.0550976
1/26/2016,DM 3,Frecologic,30.536389,86.433056,10,4,N,21,0.0550976
1/26/2016,DM 3,Frecologic,30.536389,86.433056,10,5,N,21,0.0550976
1/26/2016,DM 3,Frecologic,30.536389,86.433056,10,6,N,21,0.0550976
1/26/2016,DM 3,Frecologic,30.536389,86.433056,10,7,N,21,0.0550976
1/26/2016,DM 3,Frecologic,30.536389,86.433056,10,8,N,21,0.0550976
1/26/2016,DM 3,Frecologic,30.536389,86.433056,10,9,N,21,0.0550976
1/26/2016,DM 3,Frecologic,30.536389,86.433056,20,1,N,96,0.0550976
1/26/2016,DM 3,Frecologic,30.536389,86.433056,20,2,N,96,0.0550976
1/26/2016,DM 3,Frecologic,30.536389,86.433056,20,3,N,96,0.0550976
1/26/2016,DM 3,Frecologic,30.536389,86.433056,20,4,N,96,0.0550976
1/26/2016,DM 3,Frecologic,30.536389,86.433056,20,5,N,96,0.0550976
1/26/2016,DM 3,Frecologic,30.536389,86.433056,20,6,N,96,0.0550976
1/26/2016,DM 3,Frecologic,30.536389,86.433056,20,7,N,96,0.0550976
1/26/2016,DM 3,Frecologic,30.536389,86.433056,20,8,N,96,0.0550976
1/26/2016,DM 3,Frecologic,30.536389,86.433056,20,9,N,96,0.0550976
1/26/2016,DM 3,Frecologic,30.536389,86.433056,30,1,N,76,0.0550976
1/26/2016,DM 3,Frecologic,30.536389,86.433056,30,2,N,76,0.0550976
1/26/2016,DM 3,Frecologic,30.536389,86.433056,30,3,N,76,0.0550976
1/26/2016,DM 3,Frecologic,30.536389,86.433056,30,4,N,76,0.0550976
1/26/2016,DM 3,Frecologic,30.536389,86.433056,30,5,N,76,0.0550976
1/26/2016,DM 3,Frecologic,30.536389,86.433056,30,6,N,76,0.0550976
1/26/2016,DM 3,Frecologic,30.536389,86.433056,30,7,N,76,0.0550976
1/26/2016,DM 3,Frecologic,30.536389,86.433056,30,8,N,76,0.0550976
1/26/2016,DM 3,Frecologic,30.536389,86.433056,30,9,N,76,0.0550976
1/26/2016,DM 3,Frecologic,30.536389,86.433056,40,1,N,83,0.0550976
1/26/2016,DM 3,Frecologic,30.536389,86.433056,40,2,N,83,0.0550976
1/26/2016,DM 3,Frecologic,30.536389,86.433056,40,3,N,83,0.0550976
1/26/2016,DM 3,Frecologic,30.536389,86.433056,40,4,N,83,0.0550976
1/26/2016,DM 3,Frecologic,30.536389,86.433056,40,5,N,83,0.0550976
1/26/2016,DM 3,Frecologic,30.536389,86.433056,40,6,N,83,0.0550976
1/26/2016,DM 3,Frecologic,30.536389,86.433056,40,7,N,83,0.0550976
1/26/2016,DM 3,Frecologic,30.536389,86.433056,40,8,N,83,0.0550976
1/26/2016,DM 3,Frecologic,30.536389,86.433056,40,9,N,83,0.0550976
1/26/2016,DM 3,Frecologic,30.536389,86.433056,50,1,N,90,0.0550976
1/26/2016,DM 3,Frecologic,30.536389,86.433056,50,2,N,90,0.0550976
1/26/2016,DM 3,Frecologic,30.536389,86.433056,50,3,N,90,0.0550976
1/26/2016,DM 3,Frecologic,30.536389,86.433056,50,4,N,90,0.0550976
1/26/2016,DM 3,Frecologic,30.536389,86.433056,50,5,N,90,0.0550976
1/26/2016,DM 3,Frecologic,30.536389,86.433056,50,6,N,90,0.0550976
1/26/2016,DM 3,Frecologic,30.536389,86.433056,50,7,N,90,0.0550976
1/26/2016,DM 3,Frecologic,30.536389,86.433056,50,8,6,90,0.0550976
1/26/2016,DM 3,Frecologic,30.536389,86.433056,50,9,N,90,0.0550976
1/26/2016,DM 3,Frecologic,30.536389,86.433056,60,1,N,33,0.0550976
1/26/2016,DM 3,Frecologic,30.536389,86.433056,60,2,N,33,0.0550976
1/26/2016,DM 3,Frecologic,30.536389,86.433056,60,3,N,33,0.0550976
1/26/2016,DM 3,Frecologic,30.536389,86.433056,60,4,N,33,0.0550976
1/26/2016,DM 3,Frecologic,30.536389,86.433056,60,5,N,33,0.0550976
1/26/2016,DM 3,Frecologic,30.536389,86.433056,60,6,N,33,0.0550976
1/26/2016,DM 3,Frecologic,30.536389,86.433056,60,7,N,33,0.0550976
1/26/2016,DM 3,Frecologic,30.536389,86.433056,60,8,N,33,0.0550976
1/26/2016,DM 3,Frecologic,30.536389,86.433056,60,9,N,33,0.0550976
1/26/2016,DM 3,Frecologic,30.536389,86.433056,70,1,N,9,0.0550976
1/26/2016,DM 3,Frecologic,30.536389,86.433056,70,2,N,9,0.0550976
1/26/2016,DM 3,Frecologic,30.536389,86.433056,70,3,N,9,0.0550976
1/26/2016,DM 3,Frecologic,30.536389,86.433056,70,4,N,9,0.0550976
1/26/2016,DM 3,Frecologic,30.536389,86.433056,70,5,N,9,0.0550976
1/26/2016,DM 3,Frecologic,30.536389,86.433056,70,6,N,9,0.0550976
1/26/2016,DM 3,Frecologic,30.536389,86.433056,70,7,N,9,0.0550976
1/26/2016,DM 3,Frecologic,30.536389,86.433056,70,8,6,9,0.0550976
1/26/2016,DM 3,Frecologic,30.536389,86.433056,70,9,N,9,0.0550976
1/26/2016,DM 3,Frecologic,30.536389,86.433056,80,1,N,0,0.0550976
1/26/2016,DM 3,Frecologic,30.536389,86.433056,80,2,N,0,0.0550976
1/26/2016,DM 3,Frecologic,30.536389,86.433056,80,3,N,0,0.0550976
1/26/2016,DM 3,Frecologic,30.536389,86.433056,80,4,N,0,0.0550976
1/26/2016,DM 3,Frecologic,30.536389,86.433056,80,5,N,0,0.0550976
1/26/2016,DM 3,Frecologic,30.536389,86.433056,80,6,N,0,0.0550976
1/26/2016,DM 3,Frecologic,30.536389,86.433056,80,7,6,0,0.0550976
1/26/2016,DM 3,Frecologic,30.536389,86.433056,80,8,N,0,0.0550976
1/26/2016,DM 3,Frecologic,30.536389,86.433056,80,9,N,0,0.0550976
1/26/2016,DM 3,Frecologic,30.536389,86.433056,90,1,N,0,0.0550976
1/26/2016,DM 3,Frecologic,30.536389,86.433056,90,2,N,0,0.0550976
1/26/2016,DM 3,Frecologic,30.536389,86.433056,90,3,6,0,0.0550976
1/26/2016,DM 3,Frecologic,30.536389,86.433056,90,4,N,0,0.0550976
1/26/2016,DM 3,Frecologic,30.536389,86.433056,90,5,3,0,0.0550976
1/26/2016,DM 3,Frecologic,30.536389,86.433056,90,6,4,0,0.0550976
1/26/2016,DM 3,Frecologic,30.536389,86.433056,90,7,5,0,0.0550976
1/26/2016,DM 3,Frecologic,30.536389,86.433056,90,8,N,0,0.0550976
1/26/2016,DM 3,Frecologic,30.536389,86.433056,90,9,N,0,0.0550976
1/26/2016,DM 3,Frecologic,30.536389,86.433056,100,1,6,4,0.0550976
1/26/2016,DM 3,Frecologic,30.536389,86.433056,100,2,N,4,0.0550976
1/26/2016,DM 3,Frecologic,30.536389,86.433056,100,3,4,4,0.0550976
1/26/2016,DM 3,Frecologic,30.536389,86.433056,100,4,N,4,0.0550976
1/26/2016,DM 3,Frecologic,30.536389,86.433056,100,5,N,4,0.0550976
1/26/2016,DM 3,Frecologic,30.536389,86.433056,100,6,N,4,0.0550976
1/26/2016,DM 3,Frecologic,30.536389,86.433056,100,7,N,4,0.0550976
1/26/2016,DM 3,Frecologic,30.536389,86.433056,100,8,4,4,0.0550976
1/26/2016,DM 3,Frecologic,30.536389,86.433056,100,9,6,4,0.0550976
4/20/2016,DM 3,Frecologic,30.536389,86.433056,0,1,N,39,0.0550976
4/20/2016,DM 3,Frecologic,30.536389,86.433056,0,2,N,39,0.0550976
4/20/2016,DM 3,Frecologic,30.536389,86.433056,0,3,N,39,0.0550976
4/20/2016,DM 3,Frecologic,30.536389,86.433056,0,4,N,39,0.0550976
4/20/2016,DM 3,Frecologic,30.536389,86.433056,0,5,N,39,0.0550976
4/20/2016,DM 3,Frecologic,30.536389,86.433056,0,6,N,39,0.0550976
4/20/2016,DM 3,Frecologic,30.536389,86.433056,0,7,N,39,0.0550976
4/20/2016,DM 3,Frecologic,30.536389,86.433056,0,8,N,39,0.0550976
4/20/2016,DM 3,Frecologic,30.536389,86.433056,0,9,N,39,0.0550976
4/20/2016,DM 3,Frecologic,30.536389,86.433056,10,1,N,80,0.0550976
4/20/2016,DM 3,Frecologic,30.536389,86.433056,10,2,N,80,0.0550976
4/20/2016,DM 3,Frecologic,30.536389,86.433056,10,3,N,80,0.0550976
4/20/2016,DM 3,Frecologic,30.536389,86.433056,10,4,N,80,0.0550976
4/20/2016,DM 3,Frecologic,30.536389,86.433056,10,5,N,80,0.0550976
4/20/2016,DM 3,Frecologic,30.536389,86.433056,10,6,4,80,0.0550976
4/20/2016,DM 3,Frecologic,30.536389,86.433056,10,7,N,80,0.0550976
4/20/2016,DM 3,Frecologic,30.536389,86.433056,10,8,N,80,0.0550976
4/20/2016,DM 3,Frecologic,30.536389,86.433056,10,9,N,80,0.0550976
4/20/2016,DM 3,Frecologic,30.536389,86.433056,20,1,N,96,0.0550976
4/20/2016,DM 3,Frecologic,30.536389,86.433056,20,2,N,96,0.0550976
4/20/2016,DM 3,Frecologic,30.536389,86.433056,20,3,N,96,0.0550976
4/20/2016,DM 3,Frecologic,30.536389,86.433056,20,4,N,96,0.0550976
4/20/2016,DM 3,Frecologic,30.536389,86.433056,20,5,N,96,0.0550976
4/20/2016,DM 3,Frecologic,30.536389,86.433056,20,6,N,96,0.0550976
4/20/2016,DM 3,Frecologic,30.536389,86.433056,20,7,N,96,0.0550976
4/20/2016,DM 3,Frecologic,30.536389,86.433056,20,8,N,96,0.0550976
4/20/2016,DM 3,Frecologic,30.536389,86.433056,20,9,N,96,0.0550976
4/20/2016,DM 3,Frecologic,30.536389,86.433056,30,1,N,89,0.0550976
4/20/2016,DM 3,Frecologic,30.536389,86.433056,30,2,N,89,0.0550976
4/20/2016,DM 3,Frecologic,30.536389,86.433056,30,3,N,89,0.0550976
4/20/2016,DM 3,Frecologic,30.536389,86.433056,30,4,N,89,0.0550976
4/20/2016,DM 3,Frecologic,30.536389,86.433056,30,5,N,89,0.0550976
4/20/2016,DM 3,Frecologic,30.536389,86.433056,30,6,N,89,0.0550976
4/20/2016,DM 3,Frecologic,30.536389,86.433056,30,7,N,89,0.0550976
4/20/2016,DM 3,Frecologic,30.536389,86.433056,30,8,N,89,0.0550976
4/20/2016,DM 3,Frecologic,30.536389,86.433056,30,9,N,89,0.0550976
4/20/2016,DM 3,Frecologic,30.536389,86.433056,40,1,N,79,0.0550976
4/20/2016,DM 3,Frecologic,30.536389,86.433056,40,2,N,79,0.0550976
4/20/2016,DM 3,Frecologic,30.536389,86.433056,40,3,N,79,0.0550976
4/20/2016,DM 3,Frecologic,30.536389,86.433056,40,4,N,79,0.0550976
4/20/2016,DM 3,Frecologic,30.536389,86.433056,40,5,N,79,0.0550976
4/20/2016,DM 3,Frecologic,30.536389,86.433056,40,6,N,79,0.0550976
4/20/2016,DM 3,Frecologic,30.536389,86.433056,40,7,N,79,0.0550976
4/20/2016,DM 3,Frecologic,30.536389,86.433056,40,8,N,79,0.0550976
4/20/2016,DM 3,Frecologic,30.536389,86.433056,40,9,N,79,0.0550976
4/20/2016,DM 3,Frecologic,30.536389,86.433056,50,1,N,96,0.0550976
4/20/2016,DM 3,Frecologic,30.536389,86.433056,50,2,N,96,0.0550976
4/20/2016,DM 3,Frecologic,30.536389,86.433056,50,3,N,96,0.0550976
4/20/2016,DM 3,Frecologic,30.536389,86.433056,50,4,N,96,0.0550976
4/20/2016,DM 3,Frecologic,30.536389,86.433056,50,5,N,96,0.0550976
4/20/2016,DM 3,Frecologic,30.536389,86.433056,50,6,N,96,0.0550976
4/20/2016,DM 3,Frecologic,30.536389,86.433056,50,7,N,96,0.0550976
4/20/2016,DM 3,Frecologic,30.536389,86.433056,50,8,N,96,0.0550976
4/20/2016,DM 3,Frecologic,30.536389,86.433056,50,9,N,96,0.0550976
4/20/2016,DM 3,Frecologic,30.536389,86.433056,60,1,N,48,0.0550976
4/20/2016,DM 3,Frecologic,30.536389,86.433056,60,2,N,48,0.0550976
4/20/2016,DM 3,Frecologic,30.536389,86.433056,60,3,N,48,0.0550976
4/20/2016,DM 3,Frecologic,30.536389,86.433056,60,4,N,48,0.0550976
4/20/2016,DM 3,Frecologic,30.536389,86.433056,60,5,N,48,0.0550976
4/20/2016,DM 3,Frecologic,30.536389,86.433056,60,6,N,48,0.0550976
4/20/2016,DM 3,Frecologic,30.536389,86.433056,60,7,N,48,0.0550976
4/20/2016,DM 3,Frecologic,30.536389,86.433056,60,8,N,48,0.0550976
4/20/2016,DM 3,Frecologic,30.536389,86.433056,60,9,N,48,0.0550976
4/20/2016,DM 3,Frecologic,30.536389,86.433056,70,1,N,62,0.0550976
4/20/2016,DM 3,Frecologic,30.536389,86.433056,70,2,N,62,0.0550976
4/20/2016,DM 3,Frecologic,30.536389,86.433056,70,3,N,62,0.0550976
4/20/2016,DM 3,Frecologic,30.536389,86.433056,70,4,N,62,0.0550976
4/20/2016,DM 3,Frecologic,30.536389,86.433056,70,5,N,62,0.0550976
4/20/2016,DM 3,Frecologic,30.536389,86.433056,70,6,3,62,0.0550976
4/20/2016,DM 3,Frecologic,30.536389,86.433056,70,7,N,62,0.0550976
4/20/2016,DM 3,Frecologic,30.536389,86.433056,70,8,5,62,0.0550976
4/20/2016,DM 3,Frecologic,30.536389,86.433056,70,9,5,62,0.0550976
4/20/2016,DM 3,Frecologic,30.536389,86.433056,80,1,N,38,0.0550976
4/20/2016,DM 3,Frecologic,30.536389,86.433056,80,2,N,38,0.0550976
4/20/2016,DM 3,Frecologic,30.536389,86.433056,80,3,6,38,0.0550976
4/20/2016,DM 3,Frecologic,30.536389,86.433056,80,4,N,38,0.0550976
4/20/2016,DM 3,Frecologic,30.536389,86.433056,80,5,N,38,0.0550976
4/20/2016,DM 3,Frecologic,30.536389,86.433056,80,6,N,38,0.0550976
4/20/2016,DM 3,Frecologic,30.536389,86.433056,80,7,N,38,0.0550976
4/20/2016,DM 3,Frecologic,30.536389,86.433056,80,8,N,38,0.0550976
4/20/2016,DM 3,Frecologic,30.536389,86.433056,80,9,5,38,0.0550976
4/20/2016,DM 3,Frecologic,30.536389,86.433056,90,1,N,4,0.0550976
4/20/2016,DM 3,Frecologic,30.536389,86.433056,90,2,4,4,0.0550976
4/20/2016,DM 3,Frecologic,30.536389,86.433056,90,3,N,4,0.0550976
4/20/2016,DM 3,Frecologic,30.536389,86.433056,90,4,6,4,0.0550976
4/20/2016,DM 3,Frecologic,30.536389,86.433056,90,5,3,4,0.0550976
4/20/2016,DM 3,Frecologic,30.536389,86.433056,90,6,N,4,0.0550976
4/20/2016,DM 3,Frecologic,30.536389,86.433056,90,7,N,4,0.0550976
4/20/2016,DM 3,Frecologic,30.536389,86.433056,90,8,N,4,0.0550976
4/20/2016,DM 3,Frecologic,30.536389,86.433056,90,9,N,4,0.0550976
4/20/2016,DM 3,Frecologic,30.536389,86.433056,100,1,6,10,0.0550976
4/20/2016,DM 3,Frecologic,30.536389,86.433056,100,2,N,10,0.0550976
4/20/2016,DM 3,Frecologic,30.536389,86.433056,100,3,N,10,0.0550976
4/20/2016,DM 3,Frecologic,30.536389,86.433056,100,4,6,10,0.0550976
4/20/2016,DM 3,Frecologic,30.536389,86.433056,100,5,N,10,0.0550976
4/20/2016,DM 3,Frecologic,30.536389,86.433056,100,6,5,10,0.0550976
4/20/2016,DM 3,Frecologic,30.536389,86.433056,100,7,N,10,0.0550976
4/20/2016,DM 3,Frecologic,30.536389,86.433056,100,8,6,10,0.0550976
4/20/2016,DM 3,Frecologic,30.536389,86.433056,100,9,6,10,0.0550976
1/14/2009,DM 3,FDEP,30.536167,86.433333,0,1,5,25,0.0550976
1/14/2009,DM 3,FDEP,30.536167,86.433333,0,2,5,25,0.0550976
1/14/2009,DM 3,FDEP,30.536167,86.433333,0,3,N,25,0.0550976
1/14/2009,DM 3,FDEP,30.536167,86.433333,0,4,N,25,0.0550976
1/14/2009,DM 3,FDEP,30.536167,86.433333,0,5,N,25,0.0550976
1/14/2009,DM 3,FDEP,30.536167,86.433333,0,6,N,25,0.0550976
1/14/2009,DM 3,FDEP,30.536167,86.433333,0,7,N,25,0.0550976
1/14/2009,DM 3,FDEP,30.536167,86.433333,0,8,5,25,0.0550976
1/14/2009,DM 3,FDEP,30.536167,86.433333,0,9,N,25,0.0550976
1/14/2009,DM 3,FDEP,30.536167,86.433333,10,1,6,60,0.0550976
1/14/2009,DM 3,FDEP,30.536167,86.433333,10,2,N,60,0.0550976
1/14/2009,DM 3,FDEP,30.536167,86.433333,10,3,N,60,0.0550976
1/14/2009,DM 3,FDEP,30.536167,86.433333,10,4,5,60,0.0550976
1/14/2009,DM 3,FDEP,30.536167,86.433333,10,5,5,60,0.0550976
1/14/2009,DM 3,FDEP,30.536167,86.433333,10,6,5,60,0.0550976
1/14/2009,DM 3,FDEP,30.536167,86.433333,10,7,5,60,0.0550976
1/14/2009,DM 3,FDEP,30.536167,86.433333,10,8,5,60,0.0550976
1/14/2009,DM 3,FDEP,30.536167,86.433333,10,9,5,60,0.0550976
1/14/2009,DM 3,FDEP,30.536167,86.433333,20,1,N,0,0.0550976
1/14/2009,DM 3,FDEP,30.536167,86.433333,20,2,5,0,0.0550976
1/14/2009,DM 3,FDEP,30.536167,86.433333,20,3,5,0,0.0550976
1/14/2009,DM 3,FDEP,30.536167,86.433333,20,4,N,0,0.0550976
1/14/2009,DM 3,FDEP,30.536167,86.433333,20,5,5,0,0.0550976
1/14/2009,DM 3,FDEP,30.536167,86.433333,20,6,5,0,0.0550976
1/14/2009,DM 3,FDEP,30.536167,86.433333,20,7,5,0,0.0550976
1/14/2009,DM 3,FDEP,30.536167,86.433333,20,8,N,0,0.0550976
1/14/2009,DM 3,FDEP,30.536167,86.433333,20,9,5,0,0.0550976
1/14/2009,DM 3,FDEP,30.536167,86.433333,30,1,N,5,0.0550976
1/14/2009,DM 3,FDEP,30.536167,86.433333,30,2,5,5,0.0550976
1/14/2009,DM 3,FDEP,30.536167,86.433333,30,3,5,5,0.0550976
1/14/2009,DM 3,FDEP,30.536167,86.433333,30,4,N,5,0.0550976
1/14/2009,DM 3,FDEP,30.536167,86.433333,30,5,N,5,0.0550976
1/14/2009,DM 3,FDEP,30.536167,86.433333,30,6,N,5,0.0550976
1/14/2009,DM 3,FDEP,30.536167,86.433333,30,7,N,5,0.0550976
1/14/2009,DM 3,FDEP,30.536167,86.433333,30,8,N,5,0.0550976
1/14/2009,DM 3,FDEP,30.536167,86.433333,30,9,N,5,0.0550976
1/14/2009,DM 3,FDEP,30.536167,86.433333,40,1,5,25,0.0550976
1/14/2009,DM 3,FDEP,30.536167,86.433333,40,2,N,25,0.0550976
1/14/2009,DM 3,FDEP,30.536167,86.433333,40,3,N,25,0.0550976
1/14/2009,DM 3,FDEP,30.536167,86.433333,40,4,N,25,0.0550976
1/14/2009,DM 3,FDEP,30.536167,86.433333,40,5,5,25,0.0550976
1/14/2009,DM 3,FDEP,30.536167,86.433333,40,6,N,25,0.0550976
1/14/2009,DM 3,FDEP,30.536167,86.433333,40,7,N,25,0.0550976
1/14/2009,DM 3,FDEP,30.536167,86.433333,40,8,N,25,0.0550976
1/14/2009,DM 3,FDEP,30.536167,86.433333,40,9,N,25,0.0550976
1/14/2009,DM 3,FDEP,30.536167,86.433333,50,1,N,40,0.0550976
1/14/2009,DM 3,FDEP,30.536167,86.433333,50,2,N,40,0.0550976
1/14/2009,DM 3,FDEP,30.536167,86.433333,50,3,N,40,0.0550976
1/14/2009,DM 3,FDEP,30.536167,86.433333,50,4,5,40,0.0550976
1/14/2009,DM 3,FDEP,30.536167,86.433333,50,5,5,40,0.0550976
1/14/2009,DM 3,FDEP,30.536167,86.433333,50,6,5,40,0.0550976
1/14/2009,DM 3,FDEP,30.536167,86.433333,50,7,5,40,0.0550976
1/14/2009,DM 3,FDEP,30.536167,86.433333,50,8,5,40,0.0550976
1/14/2009,DM 3,FDEP,30.536167,86.433333,50,9,5,40,0.0550976
1/14/2009,DM 3,FDEP,30.536167,86.433333,60,1,N,5,0.0550976
1/14/2009,DM 3,FDEP,30.536167,86.433333,60,2,N,5,0.0550976
1/14/2009,DM 3,FDEP,30.536167,86.433333,60,3,N,5,0.0550976
1/14/2009,DM 3,FDEP,30.536167,86.433333,60,4,N,5,0.0550976
1/14/2009,DM 3,FDEP,30.536167,86.433333,60,5,N,5,0.0550976
1/14/2009,DM 3,FDEP,30.536167,86.433333,60,6,5,5,0.0550976
1/14/2009,DM 3,FDEP,30.536167,86.433333,60,7,N,5,0.0550976
1/14/2009,DM 3,FDEP,30.536167,86.433333,60,8,5,5,0.0550976
1/14/2009,DM 3,FDEP,30.536167,86.433333,60,9,5,5,0.0550976
1/14/2009,DM 3,FDEP,30.536167,86.433333,70,1,5,0,0.0550976
1/14/2009,DM 3,FDEP,30.536167,86.433333,70,2,N,0,0.0550976
1/14/2009,DM 3,FDEP,30.536167,86.433333,70,3,N,0,0.0550976
1/14/2009,DM 3,FDEP,30.536167,86.433333,70,4,5,0,0.0550976
1/14/2009,DM 3,FDEP,30.536167,86.433333,70,5,N,0,0.0550976
1/14/2009,DM 3,FDEP,30.536167,86.433333,70,6,N,0,0.0550976
1/14/2009,DM 3,FDEP,30.536167,86.433333,70,7,N,0,0.0550976
1/14/2009,DM 3,FDEP,30.536167,86.433333,70,8,N,0,0.0550976
1/14/2009,DM 3,FDEP,30.536167,86.433333,70,9,N,0,0.0550976
1/14/2009,DM 3,FDEP,30.536167,86.433333,80,1,5,25,0.0550976
1/14/2009,DM 3,FDEP,30.536167,86.433333,80,2,5,25,0.0550976
1/14/2009,DM 3,FDEP,30.536167,86.433333,80,3,N,25,0.0550976
1/14/2009,DM 3,FDEP,30.536167,86.433333,80,4,N,25,0.0550976
1/14/2009,DM 3,FDEP,30.536167,86.433333,80,5,5,25,0.0550976
1/14/2009,DM 3,FDEP,30.536167,86.433333,80,6,N,25,0.0550976
1/14/2009,DM 3,FDEP,30.536167,86.433333,80,7,5,25,0.0550976
1/14/2009,DM 3,FDEP,30.536167,86.433333,80,8,N,25,0.0550976
1/14/2009,DM 3,FDEP,30.536167,86.433333,80,9,5,25,0.0550976
1/14/2009,DM 3,FDEP,30.536167,86.433333,90,1,N,40,0.0550976
1/14/2009,DM 3,FDEP,30.536167,86.433333,90,2,N,40,0.0550976
1/14/2009,DM 3,FDEP,30.536167,86.433333,90,3,N,40,0.0550976
1/14/2009,DM 3,FDEP,30.536167,86.433333,90,4,N,40,0.0550976
1/14/2009,DM 3,FDEP,30.536167,86.433333,90,5,N,40,0.0550976
1/14/2009,DM 3,FDEP,30.536167,86.433333,90,6,5,40,0.0550976
1/14/2009,DM 3,FDEP,30.536167,86.433333,90,7,5,40,0.0550976
1/14/2009,DM 3,FDEP,30.536167,86.433333,90,8,N,40,0.0550976
1/14/2009,DM 3,FDEP,30.536167,86.433333,90,9,N,40,0.0550976
1/14/2009,DM 3,FDEP,30.536167,86.433333,100,1,5,20,0.0550976
1/14/2009,DM 3,FDEP,30.536167,86.433333,100,2,N,20,0.0550976
1/14/2009,DM 3,FDEP,30.536167,86.433333,100,3,N,20,0.0550976
1/14/2009,DM 3,FDEP,30.536167,86.433333,100,4,N,20,0.0550976
1/14/2009,DM 3,FDEP,30.536167,86.433333,100,5,5,20,0.0550976
1/14/2009,DM 3,FDEP,30.536167,86.433333,100,6,5,20,0.0550976
1/14/2009,DM 3,FDEP,30.536167,86.433333,100,7,5,20,0.0550976
1/14/2009,DM 3,FDEP,30.536167,86.433333,100,8,5,20,0.0550976
1/14/2009,DM 3,FDEP,30.536167,86.433333,100,9,5,20,0.0550976
1/26/2016,SWB 1,Frecologic,30.548611,86.441667,0,1,N,96,
1/26/2016,SWB 1,Frecologic,30.548611,86.441667,0,2,N,96,
1/26/2016,SWB 1,Frecologic,30.548611,86.441667,0,3,N,96,
1/26/2016,SWB 1,Frecologic,30.548611,86.441667,0,4,N,96,
1/26/2016,SWB 1,Frecologic,30.548611,86.441667,0,5,N,96,
1/26/2016,SWB 1,Frecologic,30.548611,86.441667,0,6,N,96,
1/26/2016,SWB 1,Frecologic,30.548611,86.441667,0,7,N,96,
1/26/2016,SWB 1,Frecologic,30.548611,86.441667,0,8,N,96,
1/26/2016,SWB 1,Frecologic,30.548611,86.441667,0,9,N,96,
1/26/2016,SWB 1,Frecologic,30.548611,86.441667,10,1,N,96,
1/26/2016,SWB 1,Frecologic,30.548611,86.441667,10,2,N,96,
1/26/2016,SWB 1,Frecologic,30.548611,86.441667,10,3,N,96,
1/26/2016,SWB 1,Frecologic,30.548611,86.441667,10,4,N,96,
1/26/2016,SWB 1,Frecologic,30.548611,86.441667,10,5,N,96,
1/26/2016,SWB 1,Frecologic,30.548611,86.441667,10,6,N,96,
1/26/2016,SWB 1,Frecologic,30.548611,86.441667,10,7,N,96,
1/26/2016,SWB 1,Frecologic,30.548611,86.441667,10,8,N,96,
1/26/2016,SWB 1,Frecologic,30.548611,86.441667,10,9,N,96,
1/26/2016,SWB 1,Frecologic,30.548611,86.441667,20,1,N,96,
1/26/2016,SWB 1,Frecologic,30.548611,86.441667,20,2,N,96,
1/26/2016,SWB 1,Frecologic,30.548611,86.441667,20,3,N,96,
1/26/2016,SWB 1,Frecologic,30.548611,86.441667,20,4,N,96,
1/26/2016,SWB 1,Frecologic,30.548611,86.441667,20,5,N,96,
1/26/2016,SWB 1,Frecologic,30.548611,86.441667,20,6,N,96,
1/26/2016,SWB 1,Frecologic,30.548611,86.441667,20,7,N,96,
1/26/2016,SWB 1,Frecologic,30.548611,86.441667,20,8,N,96,
1/26/2016,SWB 1,Frecologic,30.548611,86.441667,20,9,N,96,
1/26/2016,SWB 1,Frecologic,30.548611,86.441667,30,1,N,96,
1/26/2016,SWB 1,Frecologic,30.548611,86.441667,30,2,N,96,
1/26/2016,SWB 1,Frecologic,30.548611,86.441667,30,3,N,96,
1/26/2016,SWB 1,Frecologic,30.548611,86.441667,30,4,N,96,
1/26/2016,SWB 1,Frecologic,30.548611,86.441667,30,5,N,96,
1/26/2016,SWB 1,Frecologic,30.548611,86.441667,30,6,N,96,
1/26/2016,SWB 1,Frecologic,30.548611,86.441667,30,7,N,96,
1/26/2016,SWB 1,Frecologic,30.548611,86.441667,30,8,N,96,
1/26/2016,SWB 1,Frecologic,30.548611,86.441667,30,9,N,96,
1/26/2016,SWB 1,Frecologic,30.548611,86.441667,40,1,N,96,
1/26/2016,SWB 1,Frecologic,30.548611,86.441667,40,2,N,96,
1/26/2016,SWB 1,Frecologic,30.548611,86.441667,40,3,N,96,
1/26/2016,SWB 1,Frecologic,30.548611,86.441667,40,4,N,96,
1/26/2016,SWB 1,Frecologic,30.548611,86.441667,40,5,N,96,
1/26/2016,SWB 1,Frecologic,30.548611,86.441667,40,6,N,96,
1/26/2016,SWB 1,Frecologic,30.548611,86.441667,40,7,N,96,
1/26/2016,SWB 1,Frecologic,30.548611,86.441667,40,8,N,96,
1/26/2016,SWB 1,Frecologic,30.548611,86.441667,40,9,N,96,
1/26/2016,SWB 1,Frecologic,30.548611,86.441667,50,1,N,96,
1/26/2016,SWB 1,Frecologic,30.548611,86.441667,50,2,N,96,
1/26/2016,SWB 1,Frecologic,30.548611,86.441667,50,3,N,96,
1/26/2016,SWB 1,Frecologic,30.548611,86.441667,50,4,N,96,
1/26/2016,SWB 1,Frecologic,30.548611,86.441667,50,5,N,96,
1/26/2016,SWB 1,Frecologic,30.548611,86.441667,50,6,N,96,
1/26/2016,SWB 1,Frecologic,30.548611,86.441667,50,7,N,96,
1/26/2016,SWB 1,Frecologic,30.548611,86.441667,50,8,N,96,
1/26/2016,SWB 1,Frecologic,30.548611,86.441667,50,9,N,96,
1/26/2016,SWB 1,Frecologic,30.548611,86.441667,60,1,N,96,
1/26/2016,SWB 1,Frecologic,30.548611,86.441667,60,2,N,96,
1/26/2016,SWB 1,Frecologic,30.548611,86.441667,60,3,N,96,
1/26/2016,SWB 1,Frecologic,30.548611,86.441667,60,4,N,96,
1/26/2016,SWB 1,Frecologic,30.548611,86.441667,60,5,N,96,
1/26/2016,SWB 1,Frecologic,30.548611,86.441667,60,6,N,96,
1/26/2016,SWB 1,Frecologic,30.548611,86.441667,60,7,N,96,
1/26/2016,SWB 1,Frecologic,30.548611,86.441667,60,8,N,96,
1/26/2016,SWB 1,Frecologic,30.548611,86.441667,60,9,N,96,
1/26/2016,SWB 1,Frecologic,30.548611,86.441667,70,1,N,96,
1/26/2016,SWB 1,Frecologic,30.548611,86.441667,70,2,N,96,
1/26/2016,SWB 1,Frecologic,30.548611,86.441667,70,3,N,96,
1/26/2016,SWB 1,Frecologic,30.548611,86.441667,70,4,N,96,
1/26/2016,SWB 1,Frecologic,30.548611,86.441667,70,5,N,96,
1/26/2016,SWB 1,Frecologic,30.548611,86.441667,70,6,N,96,
1/26/2016,SWB 1,Frecologic,30.548611,86.441667,70,7,N,96,
1/26/2016,SWB 1,Frecologic,30.548611,86.441667,70,8,N,96,
1/26/2016,SWB 1,Frecologic,30.548611,86.441667,70,9,N,96,
1/26/2016,SWB 1,Frecologic,30.548611,86.441667,80,1,N,96,
1/26/2016,SWB 1,Frecologic,30.548611,86.441667,80,2,N,96,
1/26/2016,SWB 1,Frecologic,30.548611,86.441667,80,3,N,96,
1/26/2016,SWB 1,Frecologic,30.548611,86.441667,80,4,N,96,
1/26/2016,SWB 1,Frecologic,30.548611,86.441667,80,5,N,96,
1/26/2016,SWB 1,Frecologic,30.548611,86.441667,80,6,N,96,
1/26/2016,SWB 1,Frecologic,30.548611,86.441667,80,7,N,96,
1/26/2016,SWB 1,Frecologic,30.548611,86.441667,80,8,N,96,
1/26/2016,SWB 1,Frecologic,30.548611,86.441667,80,9,N,96,
1/26/2016,SWB 1,Frecologic,30.548611,86.441667,90,1,N,96,
1/26/2016,SWB 1,Frecologic,30.548611,86.441667,90,2,N,96,
1/26/2016,SWB 1,Frecologic,30.548611,86.441667,90,3,N,96,
1/26/2016,SWB 1,Frecologic,30.548611,86.441667,90,4,N,96,
1/26/2016,SWB 1,Frecologic,30.548611,86.441667,90,5,N,96,
1/26/2016,SWB 1,Frecologic,30.548611,86.441667,90,6,N,96,
1/26/2016,SWB 1,Frecologic,30.548611,86.441667,90,7,N,96,
1/26/2016,SWB 1,Frecologic,30.548611,86.441667,90,8,N,96,
1/26/2016,SWB 1,Frecologic,30.548611,86.441667,90,9,N,96,
1/26/2016,SWB 1,Frecologic,30.548611,86.441667,100,1,N,96,
1/26/2016,SWB 1,Frecologic,30.548611,86.441667,100,2,N,96,
1/26/2016,SWB 1,Frecologic,30.548611,86.441667,100,3,N,96,
1/26/2016,SWB 1,Frecologic,30.548611,86.441667,100,4,N,96,
1/26/2016,SWB 1,Frecologic,30.548611,86.441667,100,5,N,96,
1/26/2016,SWB 1,Frecologic,30.548611,86.441667,100,6,N,96,
1/26/2016,SWB 1,Frecologic,30.548611,86.441667,100,7,N,96,
1/26/2016,SWB 1,Frecologic,30.548611,86.441667,100,8,N,96,
1/26/2016,SWB 1,Frecologic,30.548611,86.441667,100,9,N,96,
4/20/2016,SWB 1,Frecologic,30.548611,86.441667,0,1,N,96,
4/20/2016,SWB 1,Frecologic,30.548611,86.441667,0,2,N,96,
4/20/2016,SWB 1,Frecologic,30.548611,86.441667,0,3,N,96,
4/20/2016,SWB 1,Frecologic,30.548611,86.441667,0,4,N,96,
4/20/2016,SWB 1,Frecologic,30.548611,86.441667,0,5,N,96,
4/20/2016,SWB 1,Frecologic,30.548611,86.441667,0,6,N,96,
4/20/2016,SWB 1,Frecologic,30.548611,86.441667,0,7,N,96,
4/20/2016,SWB 1,Frecologic,30.548611,86.441667,0,8,N,96,
4/20/2016,SWB 1,Frecologic,30.548611,86.441667,0,9,N,96,
4/20/2016,SWB 1,Frecologic,30.548611,86.441667,10,1,N,96,
4/20/2016,SWB 1,Frecologic,30.548611,86.441667,10,2,N,96,
4/20/2016,SWB 1,Frecologic,30.548611,86.441667,10,3,N,96,
4/20/2016,SWB 1,Frecologic,30.548611,86.441667,10,4,N,96,
4/20/2016,SWB 1,Frecologic,30.548611,86.441667,10,5,N,96,
4/20/2016,SWB 1,Frecologic,30.548611,86.441667,10,6,N,96,
4/20/2016,SWB 1,Frecologic,30.548611,86.441667,10,7,N,96,
4/20/2016,SWB 1,Frecologic,30.548611,86.441667,10,8,N,96,
4/20/2016,SWB 1,Frecologic,30.548611,86.441667,10,9,N,96,
4/20/2016,SWB 1,Frecologic,30.548611,86.441667,20,1,N,96,
4/20/2016,SWB 1,Frecologic,30.548611,86.441667,20,2,N,96,
4/20/2016,SWB 1,Frecologic,30.548611,86.441667,20,3,N,96,
4/20/2016,SWB 1,Frecologic,30.548611,86.441667,20,4,N,96,
4/20/2016,SWB 1,Frecologic,30.548611,86.441667,20,5,N,96,
4/20/2016,SWB 1,Frecologic,30.548611,86.441667,20,6,N,96,
4/20/2016,SWB 1,Frecologic,30.548611,86.441667,20,7,N,96,
4/20/2016,SWB 1,Frecologic,30.548611,86.441667,20,8,N,96,
4/20/2016,SWB 1,Frecologic,30.548611,86.441667,20,9,N,96,
4/20/2016,SWB 1,Frecologic,30.548611,86.441667,30,1,N,96,
4/20/2016,SWB 1,Frecologic,30.548611,86.441667,30,2,N,96,
4/20/2016,SWB 1,Frecologic,30.548611,86.441667,30,3,N,96,
4/20/2016,SWB 1,Frecologic,30.548611,86.441667,30,4,N,96,
4/20/2016,SWB 1,Frecologic,30.548611,86.441667,30,5,N,96,
4/20/2016,SWB 1,Frecologic,30.548611,86.441667,30,6,N,96,
4/20/2016,SWB 1,Frecologic,30.548611,86.441667,30,7,N,96,
4/20/2016,SWB 1,Frecologic,30.548611,86.441667,30,8,N,96,
4/20/2016,SWB 1,Frecologic,30.548611,86.441667,30,9,N,96,
4/20/2016,SWB 1,Frecologic,30.548611,86.441667,40,1,N,96,
4/20/2016,SWB 1,Frecologic,30.548611,86.441667,40,2,N,96,
4/20/2016,SWB 1,Frecologic,30.548611,86.441667,40,3,N,96,
4/20/2016,SWB 1,Frecologic,30.548611,86.441667,40,4,N,96,
4/20/2016,SWB 1,Frecologic,30.548611,86.441667,40,5,N,96,
4/20/2016,SWB 1,Frecologic,30.548611,86.441667,40,6,N,96,
4/20/2016,SWB 1,Frecologic,30.548611,86.441667,40,7,N,96,
4/20/2016,SWB 1,Frecologic,30.548611,86.441667,40,8,N,96,
4/20/2016,SWB 1,Frecologic,30.548611,86.441667,40,9,N,96,
4/20/2016,SWB 1,Frecologic,30.548611,86.441667,50,1,N,96,
4/20/2016,SWB 1,Frecologic,30.548611,86.441667,50,2,N,96,
4/20/2016,SWB 1,Frecologic,30.548611,86.441667,50,3,N,96,
4/20/2016,SWB 1,Frecologic,30.548611,86.441667,50,4,N,96,
4/20/2016,SWB 1,Frecologic,30.548611,86.441667,50,5,N,96,
4/20/2016,SWB 1,Frecologic,30.548611,86.441667,50,6,N,96,
4/20/2016,SWB 1,Frecologic,30.548611,86.441667,50,7,N,96,
4/20/2016,SWB 1,Frecologic,30.548611,86.441667,50,8,N,96,
4/20/2016,SWB 1,Frecologic,30.548611,86.441667,50,9,N,96,
4/20/2016,SWB 1,Frecologic,30.548611,86.441667,60,1,N,96,
4/20/2016,SWB 1,Frecologic,30.548611,86.441667,60,2,N,96,
4/20/2016,SWB 1,Frecologic,30.548611,86.441667,60,3,N,96,
4/20/2016,SWB 1,Frecologic,30.548611,86.441667,60,4,N,96,
4/20/2016,SWB 1,Frecologic,30.548611,86.441667,60,5,N,96,
4/20/2016,SWB 1,Frecologic,30.548611,86.441667,60,6,N,96,
4/20/2016,SWB 1,Frecologic,30.548611,86.441667,60,7,N,96,
4/20/2016,SWB 1,Frecologic,30.548611,86.441667,60,8,N,96,
4/20/2016,SWB 1,Frecologic,30.548611,86.441667,60,9,N,96,
4/20/2016,SWB 1,Frecologic,30.548611,86.441667,70,1,N,96,
4/20/2016,SWB 1,Frecologic,30.548611,86.441667,70,2,N,96,
4/20/2016,SWB 1,Frecologic,30.548611,86.441667,70,3,N,96,
4/20/2016,SWB 1,Frecologic,30.548611,86.441667,70,4,N,96,
4/20/2016,SWB 1,Frecologic,30.548611,86.441667,70,5,N,96,
4/20/2016,SWB 1,Frecologic,30.548611,86.441667,70,6,N,96,
4/20/2016,SWB 1,Frecologic,30.548611,86.441667,70,7,N,96,
4/20/2016,SWB 1,Frecologic,30.548611,86.441667,70,8,N,96,
4/20/2016,SWB 1,Frecologic,30.548611,86.441667,70,9,N,96,
4/20/2016,SWB 1,Frecologic,30.548611,86.441667,80,1,N,96,
4/20/2016,SWB 1,Frecologic,30.548611,86.441667,80,2,N,96,
4/20/2016,SWB 1,Frecologic,30.548611,86.441667,80,3,N,96,
4/20/2016,SWB 1,Frecologic,30.548611,86.441667,80,4,N,96,
4/20/2016,SWB 1,Frecologic,30.548611,86.441667,80,5,N,96,
4/20/2016,SWB 1,Frecologic,30.548611,86.441667,80,6,N,96,
4/20/2016,SWB 1,Frecologic,30.548611,86.441667,80,7,N,96,
4/20/2016,SWB 1,Frecologic,30.548611,86.441667,80,8,N,96,
4/20/2016,SWB 1,Frecologic,30.548611,86.441667,80,9,N,96,
4/20/2016,SWB 1,Frecologic,30.548611,86.441667,90,1,N,96,
4/20/2016,SWB 1,Frecologic,30.548611,86.441667,90,2,N,96,
4/20/2016,SWB 1,Frecologic,30.548611,86.441667,90,3,N,96,
4/20/2016,SWB 1,Frecologic,30.548611,86.441667,90,4,N,96,
4/20/2016,SWB 1,Frecologic,30.548611,86.441667,90,5,N,96,
4/20/2016,SWB 1,Frecologic,30.548611,86.441667,90,6,N,96,
4/20/2016,SWB 1,Frecologic,30.548611,86.441667,90,7,N,96,
4/20/2016,SWB 1,Frecologic,30.548611,86.441667,90,8,N,96,
4/20/2016,SWB 1,Frecologic,30.548611,86.441667,90,9,N,96,
4/20/2016,SWB 1,Frecologic,30.548611,86.441667,100,1,N,96,
4/20/2016,SWB 1,Frecologic,30.548611,86.441667,100,2,N,96,
4/20/2016,SWB 1,Frecologic,30.548611,86.441667,100,3,N,96,
4/20/2016,SWB 1,Frecologic,30.548611,86.441667,100,4,N,96,
4/20/2016,SWB 1,Frecologic,30.548611,86.441667,100,5,N,96,
4/20/2016,SWB 1,Frecologic,30.548611,86.441667,100,6,N,96,
4/20/2016,SWB 1,Frecologic,30.548611,86.441667,100,7,N,96,
4/20/2016,SWB 1,Frecologic,30.548611,86.441667,100,8,N,96,
4/20/2016,SWB 1,Frecologic,30.548611,86.441667,100,9,N,96,
1/26/2016,SWA 3,Frecologic,30.535,86.453,0,2,N,7,
1/26/2016,SWA 3,Frecologic,30.535,86.453,0,3,N,7,
1/26/2016,SWA 3,Frecologic,30.535,86.453,0,4,N,7,
1/26/2016,SWA 3,Frecologic,30.535,86.453,0,5,N,7,
1/26/2016,SWA 3,Frecologic,30.535,86.453,0,6,N,7,
1/26/2016,SWA 3,Frecologic,30.535,86.453,0,7,N,7,
1/26/2016,SWA 3,Frecologic,30.535,86.453,0,8,N,7,
1/26/2016,SWA 3,Frecologic,30.535,86.453,0,9,N,7,
1/26/2016,SWA 3,Frecologic,30.535,86.453,10,1,N,5,
1/26/2016,SWA 3,Frecologic,30.535,86.453,10,2,N,5,
1/26/2016,SWA 3,Frecologic,30.535,86.453,10,3,N,5,
1/26/2016,SWA 3,Frecologic,30.535,86.453,10,4,N,5,
1/26/2016,SWA 3,Frecologic,30.535,86.453,10,5,N,5,
1/26/2016,SWA 3,Frecologic,30.535,86.453,10,6,N,5,
1/26/2016,SWA 3,Frecologic,30.535,86.453,10,7,N,5,
1/26/2016,SWA 3,Frecologic,30.535,86.453,10,8,N,5,
1/26/2016,SWA 3,Frecologic,30.535,86.453,10,9,N,5,
1/26/2016,SWA 3,Frecologic,30.535,86.453,20,1,N,0,
1/26/2016,SWA 3,Frecologic,30.535,86.453,20,2,N,0,
1/26/2016,SWA 3,Frecologic,30.535,86.453,20,3,N,0,
1/26/2016,SWA 3,Frecologic,30.535,86.453,20,4,N,0,
1/26/2016,SWA 3,Frecologic,30.535,86.453,20,5,N,0,
1/26/2016,SWA 3,Frecologic,30.535,86.453,20,6,N,0,
1/26/2016,SWA 3,Frecologic,30.535,86.453,20,7,N,0,
1/26/2016,SWA 3,Frecologic,30.535,86.453,20,8,N,0,
1/26/2016,SWA 3,Frecologic,30.535,86.453,20,9,N,0,
1/26/2016,SWA 3,Frecologic,30.535,86.453,30,1,N,13,
1/26/2016,SWA 3,Frecologic,30.535,86.453,30,2,N,13,
1/26/2016,SWA 3,Frecologic,30.535,86.453,30,3,N,13,
1/26/2016,SWA 3,Frecologic,30.535,86.453,30,4,N,13,
1/26/2016,SWA 3,Frecologic,30.535,86.453,30,5,N,13,
1/26/2016,SWA 3,Frecologic,30.535,86.453,30,6,N,13,
1/26/2016,SWA 3,Frecologic,30.535,86.453,30,7,N,13,
1/26/2016,SWA 3,Frecologic,30.535,86.453,30,8,N,13,
1/26/2016,SWA 3,Frecologic,30.535,86.453,30,9,N,13,
1/26/2016,SWA 3,Frecologic,30.535,86.453,40,1,N,8,
1/26/2016,SWA 3,Frecologic,30.535,86.453,40,2,N,8,
1/26/2016,SWA 3,Frecologic,30.535,86.453,40,3,N,8,
1/26/2016,SWA 3,Frecologic,30.535,86.453,40,4,N,8,
1/26/2016,SWA 3,Frecologic,30.535,86.453,40,5,N,8,
1/26/2016,SWA 3,Frecologic,30.535,86.453,40,6,N,8,
1/26/2016,SWA 3,Frecologic,30.535,86.453,40,7,N,8,
1/26/2016,SWA 3,Frecologic,30.535,86.453,40,8,N,8,
1/26/2016,SWA 3,Frecologic,30.535,86.453,40,9,N,8,
1/26/2016,SWA 3,Frecologic,30.535,86.453,50,1,N,16,
1/26/2016,SWA 3,Frecologic,30.535,86.453,50,2,N,16,
1/26/2016,SWA 3,Frecologic,30.535,86.453,50,3,N,16,
1/26/2016,SWA 3,Frecologic,30.535,86.453,50,4,N,16,
1/26/2016,SWA 3,Frecologic,30.535,86.453,50,5,N,16,
1/26/2016,SWA 3,Frecologic,30.535,86.453,50,6,N,16,
1/26/2016,SWA 3,Frecologic,30.535,86.453,50,7,N,16,
1/26/2016,SWA 3,Frecologic,30.535,86.453,50,8,N,16,
1/26/2016,SWA 3,Frecologic,30.535,86.453,50,9,N,16,
1/26/2016,SWA 3,Frecologic,30.535,86.453,60,1,N,37,
1/26/2016,SWA 3,Frecologic,30.535,86.453,60,2,N,37,
1/26/2016,SWA 3,Frecologic,30.535,86.453,60,3,N,37,
1/26/2016,SWA 3,Frecologic,30.535,86.453,60,4,N,37,
1/26/2016,SWA 3,Frecologic,30.535,86.453,60,5,N,37,
1/26/2016,SWA 3,Frecologic,30.535,86.453,60,6,N,37,
1/26/2016,SWA 3,Frecologic,30.535,86.453,60,7,N,37,
1/26/2016,SWA 3,Frecologic,30.535,86.453,60,8,N,37,
1/26/2016,SWA 3,Frecologic,30.535,86.453,60,9,N,37,
1/26/2016,SWA 3,Frecologic,30.535,86.453,70,1,N,3,
1/26/2016,SWA 3,Frecologic,30.535,86.453,70,2,N,3,
1/26/2016,SWA 3,Frecologic,30.535,86.453,70,3,N,3,
1/26/2016,SWA 3,Frecologic,30.535,86.453,70,4,N,3,
1/26/2016,SWA 3,Frecologic,30.535,86.453,70,5,N,3,
1/26/2016,SWA 3,Frecologic,30.535,86.453,70,6,N,3,
1/26/2016,SWA 3,Frecologic,30.535,86.453,70,7,N,3,
1/26/2016,SWA 3,Frecologic,30.535,86.453,70,8,N,3,
1/26/2016,SWA 3,Frecologic,30.535,86.453,70,9,N,3,
1/26/2016,SWA 3,Frecologic,30.535,86.453,80,1,N,36,
1/26/2016,SWA 3,Frecologic,30.535,86.453,80,2,N,36,
1/26/2016,SWA 3,Frecologic,30.535,86.453,80,3,N,36,
1/26/2016,SWA 3,Frecologic,30.535,86.453,80,4,N,36,
1/26/2016,SWA 3,Frecologic,30.535,86.453,80,5,N,36,
1/26/2016,SWA 3,Frecologic,30.535,86.453,80,6,N,36,
1/26/2016,SWA 3,Frecologic,30.535,86.453,80,7,N,36,
1/26/2016,SWA 3,Frecologic,30.535,86.453,80,8,N,36,
1/26/2016,SWA 3,Frecologic,30.535,86.453,80,9,N,36,
1/26/2016,SWA 3,Frecologic,30.535,86.453,90,1,N,0,
1/26/2016,SWA 3,Frecologic,30.535,86.453,90,2,N,0,
1/26/2016,SWA 3,Frecologic,30.535,86.453,90,3,N,0,
1/26/2016,SWA 3,Frecologic,30.535,86.453,90,4,N,0,
1/26/2016,SWA 3,Frecologic,30.535,86.453,90,5,N,0,
1/26/2016,SWA 3,Frecologic,30.535,86.453,90,6,N,0,
1/26/2016,SWA 3,Frecologic,30.535,86.453,90,7,N,0,
1/26/2016,SWA 3,Frecologic,30.535,86.453,90,8,N,0,
1/26/2016,SWA 3,Frecologic,30.535,86.453,90,9,N,0,
1/26/2016,SWA 3,Frecologic,30.535,86.453,100,1,N,2,
1/26/2016,SWA 3,Frecologic,30.535,86.453,100,2,N,2,
1/26/2016,SWA 3,Frecologic,30.535,86.453,100,3,N,2,
1/26/2016,SWA 3,Frecologic,30.535,86.453,100,4,N,2,
1/26/2016,SWA 3,Frecologic,30.535,86.453,100,5,N,2,
1/26/2016,SWA 3,Frecologic,30.535,86.453,100,6,N,2,
1/26/2016,SWA 3,Frecologic,30.535,86.453,100,7,N,2,
1/26/2016,SWA 3,Frecologic,30.535,86.453,100,8,N,2,
1/26/2016,SWA 3,Frecologic,30.535,86.453,100,9,N,2,
4/20/2016,SWA 3,Frecologic,30.535,86.453,0,2,N,9,
4/20/2016,SWA 3,Frecologic,30.535,86.453,0,3,N,9,
4/20/2016,SWA 3,Frecologic,30.535,86.453,0,4,N,9,
4/20/2016,SWA 3,Frecologic,30.535,86.453,0,5,N,9,
4/20/2016,SWA 3,Frecologic,30.535,86.453,0,6,N,9,
4/20/2016,SWA 3,Frecologic,30.535,86.453,0,7,N,9,
4/20/2016,SWA 3,Frecologic,30.535,86.453,0,8,N,9,
4/20/2016,SWA 3,Frecologic,30.535,86.453,0,9,N,9,
4/20/2016,SWA 3,Frecologic,30.535,86.453,10,1,N,0,
4/20/2016,SWA 3,Frecologic,30.535,86.453,10,2,N,0,
4/20/2016,SWA 3,Frecologic,30.535,86.453,10,3,N,0,
4/20/2016,SWA 3,Frecologic,30.535,86.453,10,4,N,0,
4/20/2016,SWA 3,Frecologic,30.535,86.453,10,5,N,0,
4/20/2016,SWA 3,Frecologic,30.535,86.453,10,6,N,0,
4/20/2016,SWA 3,Frecologic,30.535,86.453,10,7,N,0,
4/20/2016,SWA 3,Frecologic,30.535,86.453,10,8,N,0,
4/20/2016,SWA 3,Frecologic,30.535,86.453,10,9,N,0,
4/20/2016,SWA 3,Frecologic,30.535,86.453,20,1,N,32,
4/20/2016,SWA 3,Frecologic,30.535,86.453,20,2,N,32,
4/20/2016,SWA 3,Frecologic,30.535,86.453,20,3,N,32,
4/20/2016,SWA 3,Frecologic,30.535,86.453,20,4,N,32,
4/20/2016,SWA 3,Frecologic,30.535,86.453,20,5,N,32,
4/20/2016,SWA 3,Frecologic,30.535,86.453,20,6,N,32,
4/20/2016,SWA 3,Frecologic,30.535,86.453,20,7,N,32,
4/20/2016,SWA 3,Frecologic,30.535,86.453,20,8,N,32,
4/20/2016,SWA 3,Frecologic,30.535,86.453,20,9,N,32,
4/20/2016,SWA 3,Frecologic,30.535,86.453,30,1,N,0,
4/20/2016,SWA 3,Frecologic,30.535,86.453,30,2,N,0,
4/20/2016,SWA 3,Frecologic,30.535,86.453,30,3,N,0,
4/20/2016,SWA 3,Frecologic,30.535,86.453,30,4,N,0,
4/20/2016,SWA 3,Frecologic,30.535,86.453,30,5,N,0,
4/20/2016,SWA 3,Frecologic,30.535,86.453,30,6,N,0,
4/20/2016,SWA 3,Frecologic,30.535,86.453,30,7,N,0,
4/20/2016,SWA 3,Frecologic,30.535,86.453,30,8,N,0,
4/20/2016,SWA 3,Frecologic,30.535,86.453,30,9,N,0,
4/20/2016,SWA 3,Frecologic,30.535,86.453,40,1,N,0,
4/20/2016,SWA 3,Frecologic,30.535,86.453,40,2,5,0,
4/20/2016,SWA 3,Frecologic,30.535,86.453,40,3,N,0,
4/20/2016,SWA 3,Frecologic,30.535,86.453,40,4,N,0,
4/20/2016,SWA 3,Frecologic,30.535,86.453,40,5,N,0,
4/20/2016,SWA 3,Frecologic,30.535,86.453,40,6,N,0,
4/20/2016,SWA 3,Frecologic,30.535,86.453,40,7,N,0,
4/20/2016,SWA 3,Frecologic,30.535,86.453,40,8,N,0,
4/20/2016,SWA 3,Frecologic,30.535,86.453,40,9,N,0,
4/20/2016,SWA 3,Frecologic,30.535,86.453,50,1,N,15,
4/20/2016,SWA 3,Frecologic,30.535,86.453,50,2,N,15,
4/20/2016,SWA 3,Frecologic,30.535,86.453,50,3,N,15,
4/20/2016,SWA 3,Frecologic,30.535,86.453,50,4,N,15,
4/20/2016,SWA 3,Frecologic,30.535,86.453,50,5,N,15,
4/20/2016,SWA 3,Frecologic,30.535,86.453,50,6,N,15,
4/20/2016,SWA 3,Frecologic,30.535,86.453,50,7,5,15,
4/20/2016,SWA 3,Frecologic,30.535,86.453,50,8,N,15,
4/20/2016,SWA 3,Frecologic,30.535,86.453,50,9,N,15,
4/20/2016,SWA 3,Frecologic,30.535,86.453,60,1,N,73,
4/20/2016,SWA 3,Frecologic,30.535,86.453,60,2,N,73,
4/20/2016,SWA 3,Frecologic,30.535,86.453,60,3,N,73,
4/20/2016,SWA 3,Frecologic,30.535,86.453,60,4,N,73,
4/20/2016,SWA 3,Frecologic,30.535,86.453,60,5,N,73,
4/20/2016,SWA 3,Frecologic,30.535,86.453,60,6,N,73,
4/20/2016,SWA 3,Frecologic,30.535,86.453,60,7,5,73,
4/20/2016,SWA 3,Frecologic,30.535,86.453,60,8,N,73,
4/20/2016,SWA 3,Frecologic,30.535,86.453,60,9,N,73,
4/20/2016,SWA 3,Frecologic,30.535,86.453,70,1,N,45,
4/20/2016,SWA 3,Frecologic,30.535,86.453,70,2,N,45,
4/20/2016,SWA 3,Frecologic,30.535,86.453,70,3,N,45,
4/20/2016,SWA 3,Frecologic,30.535,86.453,70,4,N,45,
4/20/2016,SWA 3,Frecologic,30.535,86.453,70,5,N,45,
4/20/2016,SWA 3,Frecologic,30.535,86.453,70,6,N,45,
4/20/2016,SWA 3,Frecologic,30.535,86.453,70,7,N,45,
4/20/2016,SWA 3,Frecologic,30.535,86.453,70,8,N,45,
4/20/2016,SWA 3,Frecologic,30.535,86.453,70,9,N,45,
4/20/2016,SWA 3,Frecologic,30.535,86.453,80,1,N,32,
4/20/2016,SWA 3,Frecologic,30.535,86.453,80,2,N,32,
4/20/2016,SWA 3,Frecologic,30.535,86.453,80,3,N,32,
4/20/2016,SWA 3,Frecologic,30.535,86.453,80,4,N,32,
4/20/2016,SWA 3,Frecologic,30.535,86.453,80,5,N,32,
4/20/2016,SWA 3,Frecologic,30.535,86.453,80,6,N,32,
4/20/2016,SWA 3,Frecologic,30.535,86.453,80,7,N,32,
4/20/2016,SWA 3,Frecologic,30.535,86.453,80,8,N,32,
4/20/2016,SWA 3,Frecologic,30.535,86.453,80,9,N,32,
4/20/2016,SWA 3,Frecologic,30.535,86.453,90,1,N,16,
4/20/2016,SWA 3,Frecologic,30.535,86.453,90,2,N,16,
4/20/2016,SWA 3,Frecologic,30.535,86.453,90,3,N,16,
4/20/2016,SWA 3,Frecologic,30.535,86.453,90,4,N,16,
4/20/2016,SWA 3,Frecologic,30.535,86.453,90,5,N,16,
4/20/2016,SWA 3,Frecologic,30.535,86.453,90,6,N,16,
4/20/2016,SWA 3,Frecologic,30.535,86.453,90,7,N,16,
4/20/2016,SWA 3,Frecologic,30.535,86.453,90,8,N,16,
4/20/2016,SWA 3,Frecologic,30.535,86.453,90,9,N,16,
4/20/2016,SWA 3,Frecologic,30.535,86.453,100,1,N,33,
4/20/2016,SWA 3,Frecologic,30.535,86.453,100,2,N,33,
4/20/2016,SWA 3,Frecologic,30.535,86.453,100,3,N,33,
4/20/2016,SWA 3,Frecologic,30.535,86.453,100,4,N,33,
4/20/2016,SWA 3,Frecologic,30.535,86.453,100,5,N,33,
4/20/2016,SWA 3,Frecologic,30.535,86.453,100,6,N,33,
4/20/2016,SWA 3,Frecologic,30.535,86.453,100,7,N,33,
4/20/2016,SWA 3,Frecologic,30.535,86.453,100,8,N,33,
4/20/2016,SWA 3,Frecologic,30.535,86.453,100,9,N,33,
1/26/2016,SWA 4,Frecologic,30.535278,86.445556,0,2,N,92,
1/26/2016,SWA 4,Frecologic,30.535278,86.445556,0,3,N,92,
1/26/2016,SWA 4,Frecologic,30.535278,86.445556,0,4,N,92,
1/26/2016,SWA 4,Frecologic,30.535278,86.445556,0,5,N,92,
1/26/2016,SWA 4,Frecologic,30.535278,86.445556,0,6,N,92,
1/26/2016,SWA 4,Frecologic,30.535278,86.445556,0,7,N,92,
1/26/2016,SWA 4,Frecologic,30.535278,86.445556,0,8,N,92,
1/26/2016,SWA 4,Frecologic,30.535278,86.445556,0,9,N,92,
1/26/2016,SWA 4,Frecologic,30.535278,86.445556,10,1,N,94,
1/26/2016,SWA 4,Frecologic,30.535278,86.445556,10,2,N,94,
1/26/2016,SWA 4,Frecologic,30.535278,86.445556,10,3,N,94,
1/26/2016,SWA 4,Frecologic,30.535278,86.445556,10,4,N,94,
1/26/2016,SWA 4,Frecologic,30.535278,86.445556,10,5,N,94,
1/26/2016,SWA 4,Frecologic,30.535278,86.445556,10,6,N,94,
1/26/2016,SWA 4,Frecologic,30.535278,86.445556,10,7,N,94,
1/26/2016,SWA 4,Frecologic,30.535278,86.445556,10,8,N,94,
1/26/2016,SWA 4,Frecologic,30.535278,86.445556,10,9,N,94,
1/26/2016,SWA 4,Frecologic,30.535278,86.445556,20,1,N,96,
1/26/2016,SWA 4,Frecologic,30.535278,86.445556,20,2,N,96,
1/26/2016,SWA 4,Frecologic,30.535278,86.445556,20,3,N,96,
1/26/2016,SWA 4,Frecologic,30.535278,86.445556,20,4,N,96,
1/26/2016,SWA 4,Frecologic,30.535278,86.445556,20,5,N,96,
1/26/2016,SWA 4,Frecologic,30.535278,86.445556,20,6,N,96,
1/26/2016,SWA 4,Frecologic,30.535278,86.445556,20,7,N,96,
1/26/2016,SWA 4,Frecologic,30.535278,86.445556,20,8,N,96,
1/26/2016,SWA 4,Frecologic,30.535278,86.445556,20,9,N,96,
1/26/2016,SWA 4,Frecologic,30.535278,86.445556,30,1,N,96,
1/26/2016,SWA 4,Frecologic,30.535278,86.445556,30,2,N,96,
1/26/2016,SWA 4,Frecologic,30.535278,86.445556,30,3,N,96,
1/26/2016,SWA 4,Frecologic,30.535278,86.445556,30,4,N,96,
1/26/2016,SWA 4,Frecologic,30.535278,86.445556,30,5,N,96,
1/26/2016,SWA 4,Frecologic,30.535278,86.445556,30,6,N,96,
1/26/2016,SWA 4,Frecologic,30.535278,86.445556,30,7,N,96,
1/26/2016,SWA 4,Frecologic,30.535278,86.445556,30,8,N,96,
1/26/2016,SWA 4,Frecologic,30.535278,86.445556,30,9,N,96,
1/26/2016,SWA 4,Frecologic,30.535278,86.445556,40,1,N,96,
1/26/2016,SWA 4,Frecologic,30.535278,86.445556,40,2,N,96,
1/26/2016,SWA 4,Frecologic,30.535278,86.445556,40,3,N,96,
1/26/2016,SWA 4,Frecologic,30.535278,86.445556,40,4,N,96,
1/26/2016,SWA 4,Frecologic,30.535278,86.445556,40,5,N,96,
1/26/2016,SWA 4,Frecologic,30.535278,86.445556,40,6,N,96,
1/26/2016,SWA 4,Frecologic,30.535278,86.445556,40,7,N,96,
1/26/2016,SWA 4,Frecologic,30.535278,86.445556,40,8,N,96,
1/26/2016,SWA 4,Frecologic,30.535278,86.445556,40,9,N,96,
1/26/2016,SWA 4,Frecologic,30.535278,86.445556,50,1,N,96,
1/26/2016,SWA 4,Frecologic,30.535278,86.445556,50,2,N,96,
1/26/2016,SWA 4,Frecologic,30.535278,86.445556,50,3,N,96,
1/26/2016,SWA 4,Frecologic,30.535278,86.445556,50,4,N,96,
1/26/2016,SWA 4,Frecologic,30.535278,86.445556,50,5,N,96,
1/26/2016,SWA 4,Frecologic,30.535278,86.445556,50,6,N,96,
1/26/2016,SWA 4,Frecologic,30.535278,86.445556,50,7,N,96,
1/26/2016,SWA 4,Frecologic,30.535278,86.445556,50,8,N,96,
1/26/2016,SWA 4,Frecologic,30.535278,86.445556,50,9,N,96,
1/26/2016,SWA 4,Frecologic,30.535278,86.445556,60,1,N,93,
1/26/2016,SWA 4,Frecologic,30.535278,86.445556,60,2,N,93,
1/26/2016,SWA 4,Frecologic,30.535278,86.445556,60,3,N,93,
1/26/2016,SWA 4,Frecologic,30.535278,86.445556,60,4,N,93,
1/26/2016,SWA 4,Frecologic,30.535278,86.445556,60,5,3,93,
1/26/2016,SWA 4,Frecologic,30.535278,86.445556,60,6,N,93,
1/26/2016,SWA 4,Frecologic,30.535278,86.445556,60,7,N,93,
1/26/2016,SWA 4,Frecologic,30.535278,86.445556,60,8,N,93,
1/26/2016,SWA 4,Frecologic,30.535278,86.445556,60,9,N,93,
1/26/2016,SWA 4,Frecologic,30.535278,86.445556,70,1,N,93,
1/26/2016,SWA 4,Frecologic,30.535278,86.445556,70,2,N,93,
1/26/2016,SWA 4,Frecologic,30.535278,86.445556,70,3,N,93,
1/26/2016,SWA 4,Frecologic,30.535278,86.445556,70,4,N,93,
1/26/2016,SWA 4,Frecologic,30.535278,86.445556,70,5,N,93,
1/26/2016,SWA 4,Frecologic,30.535278,86.445556,70,6,N,93,
1/26/2016,SWA 4,Frecologic,30.535278,86.445556,70,7,N,93,
1/26/2016,SWA 4,Frecologic,30.535278,86.445556,70,8,N,93,
1/26/2016,SWA 4,Frecologic,30.535278,86.445556,70,9,N,93,
1/26/2016,SWA 4,Frecologic,30.535278,86.445556,80,1,N,89,
1/26/2016,SWA 4,Frecologic,30.535278,86.445556,80,2,N,89,
1/26/2016,SWA 4,Frecologic,30.535278,86.445556,80,3,N,89,
1/26/2016,SWA 4,Frecologic,30.535278,86.445556,80,4,N,89,
1/26/2016,SWA 4,Frecologic,30.535278,86.445556,80,5,N,89,
1/26/2016,SWA 4,Frecologic,30.535278,86.445556,80,6,N,89,
1/26/2016,SWA 4,Frecologic,30.535278,86.445556,80,7,N,89,
1/26/2016,SWA 4,Frecologic,30.535278,86.445556,80,8,N,89,
1/26/2016,SWA 4,Frecologic,30.535278,86.445556,80,9,N,89,
1/26/2016,SWA 4,Frecologic,30.535278,86.445556,90,1,N,96,
1/26/2016,SWA 4,Frecologic,30.535278,86.445556,90,2,N,96,
1/26/2016,SWA 4,Frecologic,30.535278,86.445556,90,3,N,96,
1/26/2016,SWA 4,Frecologic,30.535278,86.445556,90,4,N,96,
1/26/2016,SWA 4,Frecologic,30.535278,86.445556,90,5,N,96,
1/26/2016,SWA 4,Frecologic,30.535278,86.445556,90,6,N,96,
1/26/2016,SWA 4,Frecologic,30.535278,86.445556,90,7,N,96,
1/26/2016,SWA 4,Frecologic,30.535278,86.445556,90,8,N,96,
1/26/2016,SWA 4,Frecologic,30.535278,86.445556,90,9,N,96,
1/26/2016,SWA 4,Frecologic,30.535278,86.445556,100,1,N,95,
1/26/2016,SWA 4,Frecologic,30.535278,86.445556,100,2,N,95,
1/26/2016,SWA 4,Frecologic,30.535278,86.445556,100,3,N,95,
1/26/2016,SWA 4,Frecologic,30.535278,86.445556,100,4,N,95,
1/26/2016,SWA 4,Frecologic,30.535278,86.445556,100,5,N,95,
1/26/2016,SWA 4,Frecologic,30.535278,86.445556,100,6,N,95,
1/26/2016,SWA 4,Frecologic,30.535278,86.445556,100,7,N,95,
1/26/2016,SWA 4,Frecologic,30.535278,86.445556,100,8,N,95,
1/26/2016,SWA 4,Frecologic,30.535278,86.445556,100,9,N,95,
4/20/2016,SWA 4,Frecologic,30.535278,86.445556,0,2,N,96,
4/20/2016,SWA 4,Frecologic,30.535278,86.445556,0,3,N,96,
4/20/2016,SWA 4,Frecologic,30.535278,86.445556,0,4,N,96,
4/20/2016,SWA 4,Frecologic,30.535278,86.445556,0,5,N,96,
4/20/2016,SWA 4,Frecologic,30.535278,86.445556,0,6,N,96,
4/20/2016,SWA 4,Frecologic,30.535278,86.445556,0,7,N,96,
4/20/2016,SWA 4,Frecologic,30.535278,86.445556,0,8,N,96,
4/20/2016,SWA 4,Frecologic,30.535278,86.445556,0,9,N,96,
4/20/2016,SWA 4,Frecologic,30.535278,86.445556,10,1,N,96,
4/20/2016,SWA 4,Frecologic,30.535278,86.445556,10,2,N,96,
4/20/2016,SWA 4,Frecologic,30.535278,86.445556,10,3,N,96,
4/20/2016,SWA 4,Frecologic,30.535278,86.445556,10,4,N,96,
4/20/2016,SWA 4,Frecologic,30.535278,86.445556,10,5,N,96,
4/20/2016,SWA 4,Frecologic,30.535278,86.445556,10,6,N,96,
4/20/2016,SWA 4,Frecologic,30.535278,86.445556,10,7,N,96,
4/20/2016,SWA 4,Frecologic,30.535278,86.445556,10,8,N,96,
4/20/2016,SWA 4,Frecologic,30.535278,86.445556,10,9,N,96,
4/20/2016,SWA 4,Frecologic,30.535278,86.445556,20,1,N,96,
4/20/2016,SWA 4,Frecologic,30.535278,86.445556,20,2,N,96,
4/20/2016,SWA 4,Frecologic,30.535278,86.445556,20,3,N,96,
4/20/2016,SWA 4,Frecologic,30.535278,86.445556,20,4,N,96,
4/20/2016,SWA 4,Frecologic,30.535278,86.445556,20,5,N,96,
4/20/2016,SWA 4,Frecologic,30.535278,86.445556,20,6,N,96,
4/20/2016,SWA 4,Frecologic,30.535278,86.445556,20,7,N,96,
4/20/2016,SWA 4,Frecologic,30.535278,86.445556,20,8,N,96,
4/20/2016,SWA 4,Frecologic,30.535278,86.445556,20,9,N,96,
4/20/2016,SWA 4,Frecologic,30.535278,86.445556,30,1,N,96,
4/20/2016,SWA 4,Frecologic,30.535278,86.445556,30,2,N,96,
4/20/2016,SWA 4,Frecologic,30.535278,86.445556,30,3,N,96,
4/20/2016,SWA 4,Frecologic,30.535278,86.445556,30,4,N,96,
4/20/2016,SWA 4,Frecologic,30.535278,86.445556,30,5,N,96,
4/20/2016,SWA 4,Frecologic,30.535278,86.445556,30,6,N,96,
4/20/2016,SWA 4,Frecologic,30.535278,86.445556,30,7,N,96,
4/20/2016,SWA 4,Frecologic,30.535278,86.445556,30,8,N,96,
4/20/2016,SWA 4,Frecologic,30.535278,86.445556,30,9,N,96,
4/20/2016,SWA 4,Frecologic,30.535278,86.445556,40,1,N,96,
4/20/2016,SWA 4,Frecologic,30.535278,86.445556,40,2,N,96,
4/20/2016,SWA 4,Frecologic,30.535278,86.445556,40,3,N,96,
4/20/2016,SWA 4,Frecologic,30.535278,86.445556,40,4,N,96,
4/20/2016,SWA 4,Frecologic,30.535278,86.445556,40,5,N,96,
4/20/2016,SWA 4,Frecologic,30.535278,86.445556,40,6,N,96,
4/20/2016,SWA 4,Frecologic,30.535278,86.445556,40,7,N,96,
4/20/2016,SWA 4,Frecologic,30.535278,86.445556,40,8,N,96,
4/20/2016,SWA 4,Frecologic,30.535278,86.445556,40,9,N,96,
4/20/2016,SWA 4,Frecologic,30.535278,86.445556,50,1,N,96,
4/20/2016,SWA 4,Frecologic,30.535278,86.445556,50,2,N,96,
4/20/2016,SWA 4,Frecologic,30.535278,86.445556,50,3,N,96,
4/20/2016,SWA 4,Frecologic,30.535278,86.445556,50,4,N,96,
4/20/2016,SWA 4,Frecologic,30.535278,86.445556,50,5,N,96,
4/20/2016,SWA 4,Frecologic,30.535278,86.445556,50,6,N,96,
4/20/2016,SWA 4,Frecologic,30.535278,86.445556,50,7,N,96,
4/20/2016,SWA 4,Frecologic,30.535278,86.445556,50,8,N,96,
4/20/2016,SWA 4,Frecologic,30.535278,86.445556,50,9,N,96,
4/20/2016,SWA 4,Frecologic,30.535278,86.445556,60,1,N,95,
4/20/2016,SWA 4,Frecologic,30.535278,86.445556,60,2,N,95,
4/20/2016,SWA 4,Frecologic,30.535278,86.445556,60,3,N,95,
4/20/2016,SWA 4,Frecologic,30.535278,86.445556,60,4,N,95,
4/20/2016,SWA 4,Frecologic,30.535278,86.445556,60,5,N,95,
4/20/2016,SWA 4,Frecologic,30.535278,86.445556,60,6,N,95,
4/20/2016,SWA 4,Frecologic,30.535278,86.445556,60,7,N,95,
4/20/2016,SWA 4,Frecologic,30.535278,86.445556,60,8,N,95,
4/20/2016,SWA 4,Frecologic,30.535278,86.445556,60,9,N,95,
4/20/2016,SWA 4,Frecologic,30.535278,86.445556,70,1,N,96,
4/20/2016,SWA 4,Frecologic,30.535278,86.445556,70,2,N,96,
4/20/2016,SWA 4,Frecologic,30.535278,86.445556,70,3,N,96,
4/20/2016,SWA 4,Frecologic,30.535278,86.445556,70,4,N,96,
4/20/2016,SWA 4,Frecologic,30.535278,86.445556,70,5,N,96,
4/20/2016,SWA 4,Frecologic,30.535278,86.445556,70,6,N,96,
4/20/2016,SWA 4,Frecologic,30.535278,86.445556,70,7,N,96,
4/20/2016,SWA 4,Frecologic,30.535278,86.445556,70,8,N,96,
4/20/2016,SWA 4,Frecologic,30.535278,86.445556,70,9,N,96,
4/20/2016,SWA 4,Frecologic,30.535278,86.445556,80,1,N,94,
4/20/2016,SWA 4,Frecologic,30.535278,86.445556,80,2,N,94,
4/20/2016,SWA 4,Frecologic,30.535278,86.445556,80,3,N,94,
4/20/2016,SWA 4,Frecologic,30.535278,86.445556,80,4,N,94,
4/20/2016,SWA 4,Frecologic,30.535278,86.445556,80,5,N,94,
4/20/2016,SWA 4,Frecologic,30.535278,86.445556,80,6,N,94,
4/20/2016,SWA 4,Frecologic,30.535278,86.445556,80,7,N,94,
4/20/2016,SWA 4,Frecologic,30.535278,86.445556,80,8,N,94,
4/20/2016,SWA 4,Frecologic,30.535278,86.445556,80,9,N,94,
4/20/2016,SWA 4,Frecologic,30.535278,86.445556,90,1,N,96,
4/20/2016,SWA 4,Frecologic,30.535278,86.445556,90,2,N,96,
4/20/2016,SWA 4,Frecologic,30.535278,86.445556,90,3,N,96,
4/20/2016,SWA 4,Frecologic,30.535278,86.445556,90,4,N,96,
4/20/2016,SWA 4,Frecologic,30.535278,86.445556,90,5,N,96,
4/20/2016,SWA 4,Frecologic,30.535278,86.445556,90,6,N,96,
4/20/2016,SWA 4,Frecologic,30.535278,86.445556,90,7,N,96,
4/20/2016,SWA 4,Frecologic,30.535278,86.445556,90,8,N,96,
4/20/2016,SWA 4,Frecologic,30.535278,86.445556,90,9,N,96,
4/20/2016,SWA 4,Frecologic,30.535278,86.445556,100,1,N,96,
4/20/2016,SWA 4,Frecologic,30.535278,86.445556,100,2,N,96,
4/20/2016,SWA 4,Frecologic,30.535278,86.445556,100,3,N,96,
4/20/2016,SWA 4,Frecologic,30.535278,86.445556,100,4,N,96,
4/20/2016,SWA 4,Frecologic,30.535278,86.445556,100,5,N,96,
4/20/2016,SWA 4,Frecologic,30.535278,86.445556,100,6,N,96,
4/20/2016,SWA 4,Frecologic,30.535278,86.445556,100,7,N,96,
4/20/2016,SWA 4,Frecologic,30.535278,86.445556,100,8,N,96,
4/20/2016,SWA 4,Frecologic,30.535278,86.445556,100,9,N,96,
